name,model,segment,year,selling_price_lakh,km_driven,fuel,seller_type,transmission,owner,mileage_kmpl,engine_cc,max_power_bhp,seats
Suzuki Swift,Swift,Hatchback,2010,1.2,213726,Petrol,Dealer,Manual,First Owner,20.7,985.0,70.2,5.0
Suzuki Ignis,Ignis,Hatchback,2017,2.6,30739,Petrol,Individual,Manual,First Owner,20.8,985.0,65.3,5.0
Suzuki Grand Vitara,Grand Vitara,SUV,2018,4.84,60075,Petrol,Individual,Manual,Second Owner,15.9,1481.0,101.5,4.0
Suzuki Ignis,Ignis,Hatchback,2022,3.97,14283,Petrol,Individual,Manual,Second Owner,22.2,995.0,68.9,5.0
Suzuki Baleno,Baleno,Premium Hatchback,2023,6.49,4346,Petrol,Individual,Manual,First Owner,20.9,1213.0,80.5,5.0
Suzuki Ertiga,Ertiga,MUV,2023,8.57,18119,Petrol,Dealer,Manual,First Owner,20.0,1462.0,99.1,6.0
Suzuki Alto K10,Alto K10,Hatchback,2019,2.28,42843,Petrol,Individual,Manual,First Owner,20.6,998.0,64.1,5.0
Suzuki Baleno,Baleno,Premium Hatchback,2023,6.83,5240,Petrol,Individual,Automatic,First Owner,21.3,1190.0,80.3,5.0
Suzuki Ertiga,Ertiga,MUV,2023,6.9,25069,Petrol,Individual,Automatic,First Owner,17.8,1470.0,107.9,6.0
Suzuki Jimny,Jimny,SUV,2018,4.59,99354,Petrol,Individual,Manual,First Owner,15.1,1481.0,101.0,5.0
Suzuki Ciaz,Ciaz,Sedan,2023,7.93,14432,Petrol,Dealer,Manual,First Owner,19.4,1194.0,84.5,5.0
Suzuki Baleno,Baleno,Premium Hatchback,2023,6.71,14590,Petrol,Individual, Manual ,First Owner,21.6,1210.0,81.6,5.0
Suzuki Celerio,Celerio,Hatchback,2011,1.2,118839,CNG,Individual,Automatic,First Owner,30.2,995.0,69.1,5.0
Suzuki S-Presso,S-Presso,Hatchback,2017,1.96,62366,CNG,Individual,Manual,First Owner,31.1 kmpl,979.0,69.6,5.0
Suzuki Alto K10,Alto K10,Hatchback,2021,3.0,23879,Petrol,Individual,Manual,First Owner,22.1,1008.0,66.6,5.0
Suzuki Swift,Swift,Hatchback,2018,2.67,93191,Petrol,Individual,Manual,First Owner,19.7,985.0,64.8,5.0
Suzuki WagonR,WagonR,Hatchback,2016,1.53,128828,Petrol,Individual,Manual,First Owner,23.2,1016.0,70.6,5.0
Suzuki Baleno,Baleno,Premium Hatchback,2023,5.79,26232,Petrol,Individual,Automatic,Second Owner,22.4,1244.0,84.6,5.0
Suzuki Ertiga,Ertiga,MUV,2011,1.47,214299,PETROL,Individual,Manual,First Owner,18.2,1473.0,101.0,7.0
Suzuki Alto K10,Alto K10,Hatchback,2014,1.2,157184,CNG,Individual, Manual ,Third Owner,29.5,967.0,62.8,5.0
Suzuki Baleno,Baleno,Premium Hatchback,2014,1.74,204986,Petrol,Individual,Manual,First Owner,21.5 kmpl,1212.0,83.4,5.0
Suzuki Alto K10,Alto K10,Hatchback,2014,1.2,175149,CNG,Trustmark Dealer,Manual,First Owner,29.8,991.0,71.6,5.0
Suzuki Ciaz,Ciaz,Sedan,2012,1.59,137825,Petrol,Individual,Manual,First Owner,21.9,1189.0,86.6,5.0
Suzuki S-Presso,S-Presso,Hatchback,2013,1.2,144333,Petrol,Individual,Manual,First Owner,20.1,1019.0,63.5,5.0
Suzuki Ciaz,Ciaz,Sedan,2010,1.29,190068,Petrol,Trustmark Dealer,Manual,First Owner,21.3,1176.0,89.1,5.0
Suzuki Fronx,Fronx,Compact SUV,2020,4.26,50125,Petrol,Individual,Manual,First Owner,19.5,1448.0,101.8,5.0
Suzuki Ignis,Ignis,Hatchback,2017,2.38,67621,Petrol,Dealer,Automatic,First Owner,21.3,1034.0,66.6,5.0
Suzuki Swift,Swift,Hatchback,2021,4.59,44908,Petrol,Individual,Automatic,First Owner,20.5,1001.0,70.6,5.0
Suzuki Alto K10,Alto K10,Hatchback,2020,2.73,33426,Petrol,Individual,Manual,First Owner,20.7,1008.0,64.0,5.0
Suzuki Swift,Swift,Hatchback,2018,2.19,109263,CNG,Individual,Manual,First Owner,32.0,983.0,67.3,5.0
Suzuki Celerio,Celerio,Hatchback,2017,1.52,81673,CNG,Dealer,Manual,Fourth & Above Owner,,972.0,70.3,5.0
Suzuki Dzire,Dzire,Sedan,2021,3.79,41454,Petrol,Dealer,Manual,Second Owner,23.0,1197.0,87.5,5.0
Suzuki Swift,Swift,Hatchback,2023,5.76,14858,Petrol,Dealer,Automatic,Second Owner,21.6,988.0,66.1,5.0
Suzuki Swift,Swift,Hatchback,2019,3.59,60522,CNG,Dealer,Automatic,First Owner,30.8 kmpl,1004.0,67.6,5.0
Suzuki Alto K10,Alto K10,Hatchback,2018,1.8,69826,Petrol,Trustmark Dealer,Manual,First Owner,21.6,973.0,68.1,5.0
Suzuki Swift,Swift,Hatchback,2014,1.73,111090,CNG,Dealer,Manual,First Owner,32.3 kmpl,991.0,66.9,5.0
Suzuki WagonR,WagonR,Hatchback,2021,2.99,48362,Petrol,Individual,Automatic,Fourth & Above Owner,21.4,998.0,69.1,5.0
Suzuki Grand Vitara,Grand Vitara,SUV,2019,5.68,30206,Petrol,Individual,Manual,Second Owner,17.3,1484.0,102.4,5.0
Suzuki Alto K10,Alto K10,Hatchback,2019,2.17,59199,Petrol,Individual,Automatic,First Owner,19.6 kmpl,985.0,71.7,5.0
Suzuki WagonR,WagonR,Hatchback,2023,4.58,15135,CNG,Dealer,Manual,Second Owner,28.1,1002.0,64.5,5.0
Suzuki Celerio,Celerio,Hatchback,2023,5.12,16771,Petrol,Individual,Manual,First Owner,21.6 kmpl,965.0,63.0,5.0
Suzuki Swift,Swift,Hatchback,2023,6.32,5118,CNG,Individual,Automatic,First Owner,31.4 kmpl,992.0,66.8,5.0
Suzuki Grand Vitara,Grand Vitara,SUV,2010,1.32,179442,Petrol,Trustmark Dealer,Manual,Fourth & Above Owner,17.1,1459.0,96.7,4.0
Suzuki Dzire,Dzire,Sedan,2020,4.21,30703,Petrol,Individual,Manual,First Owner,19.7,1197.0,82.2,5.0
Suzuki Vitara Brezza,Vitara Brezza,Compact SUV,2015,2.59,88359,Petrol,Dealer,Automatic,Second Owner,20.7,1485.0,105.3,5.0
Suzuki Ertiga,Ertiga,MUV,2020,4.4,63155,Petrol,Dealer,Manual,First Owner,21.7,1474.0,103.6,7.0
Suzuki WagonR,WagonR,Hatchback,2015,1.24,147076,Petrol,Dealer, Manual ,Second Owner,20.0,992.0,68.3,5.0
Suzuki Alto K10,Alto K10,Hatchback,2019,2.45,50513,Petrol,Individual,Manual,First Owner,20.3,998.0,68.4,5.0
Suzuki Jimny,Jimny,SUV,2018,5.73,66029,Petrol,Individual,Automatic,Third Owner,15.5,1462.0,102.9,5.0
Suzuki Alto K10,Alto K10,Hatchback,2014,1.2,175149,CNG,Trustmark Dealer,Manual,First Owner,29.8,991.0,71.6,5.0
Suzuki Ignis,Ignis,Hatchback,2017,1.81,116439,CNG,Trustmark Dealer, Manual ,First Owner,31.1,996.0,68.7,5.0
Suzuki Dzire,Dzire,Sedan,2013,1.2,190613,Petrol,Dealer,Manual,Fourth & Above Owner,20.7,1209.0,82.7,5.0
Suzuki Vitara Brezza,Vitara Brezza,Compact SUV,2022,6.5,24648,Petrol,Individual,Manual,First Owner,,1460.0,102.2,5.0
Suzuki Grand Vitara,Grand Vitara,SUV,2015,2.51,118039,Petrol,Individual,Manual,Third Owner,14.7 kmpl,1478.0,102.0,4.0
Suzuki Swift,Swift,Hatchback,2019,3.05,46830,Petrol,Trustmark Dealer,Manual,Third Owner,22.9,994.0,66.4,5.0
Suzuki Alto K10,Alto K10,Hatchback,2018,1.9,75865,Petrol,Individual,Manual,First Owner,21.4,1021.0,65.7,5.0
Suzuki Baleno,Baleno,Premium Hatchback,2022,4.97,21889,Petrol,Individual,Manual,Second Owner,23.1,1222.0,80.2,5.0
Suzuki Ciaz,Ciaz,Sedan,2018,5.07,59164,Petrol,Individual,Automatic,Second Owner,21.3,1188.0,82.6,5.0
Suzuki WagonR,WagonR,Hatchback,2014,1.27,127166,Petrol,Dealer,Manual,Second Owner,21.7,1003.0,65.1,5.0
Suzuki S-Presso,S-Presso,Hatchback,2014,1.2,150335,CNG,Individual,Manual,First Owner,28.0,998.0,67.8,5.0
Suzuki Swift,Swift,Hatchback,2021,3.81,54758,Petrol,Individual,Manual,First Owner,24.6,990.0,71.5,5.0
Suzuki Dzire,Dzire,Sedan,2015,1.7,110668,Petrol,Individual,Automatic,Third Owner,22.5,1215.0,80.6,5.0
Suzuki Vitara Brezza,Vitara Brezza,Compact SUV,2009,1.2,216296,Petrol,Individual,Manual,Second Owner,21.5,1464.0,101.7,5.0
Suzuki Ertiga,Ertiga,MUV,2017,3.34,75999,Petrol,Individual,Manual,First Owner,20.0 kmpl,1454.0,104.7,7.0
Suzuki XL6,XL6,MUV,2018,4.43,84384,Petrol,Individual,Automatic,Second Owner,18.5,1435.0,107.6,7.0
Suzuki WagonR,WagonR,Hatchback,2019,2.4,70719,CNG,Individual,Manual,Third Owner,29.0 kmpl,980.0,64.3,5.0
Suzuki Baleno,Baleno,Premium Hatchback,2017,2.5,117168,Petrol,Dealer,Manual,First Owner,23.0,1191.0,86.3,5.0
Suzuki Swift,Swift,Hatchback,2013,1.82,103475,Petrol,Individual,Manual,First Owner,19.7,983.0,67.9,5.0
Suzuki Grand Vitara,Grand Vitara,SUV,2023,10.53,14020,Petrol,Individual,Manual,First Owner,15.6 kmpl,1427.0,101.9,4.0
Suzuki Ertiga,Ertiga,MUV,2017,2.88,103410,Petrol,Individual,Automatic,First Owner,20.3,1473.0,102.2,6.0
Suzuki Swift,Swift,Hatchback,2020,3.54,42736,PETROL,Individual,Automatic,Second Owner,19.6,1004.0,65.9,5.0
Suzuki Dzire,Dzire,Sedan,2023,5.24,21692,Petrol,Trustmark Dealer,Manual,Third Owner,19.0,1184.0,84.5,5.0
Suzuki WagonR,WagonR,Hatchback,2023,5.62,10378,Petrol,Individual,Automatic,First Owner,21.1,1002.0,70.5,5.0
Suzuki Alto K10,Alto K10,Hatchback,2014,1.2,153261,Petrol,Dealer,Manual,Second Owner,21.7,998.0,64.9,5.0
Suzuki Alto K10,Alto K10,Hatchback,2013,1.2,169290,CNG,Individual,Manual,First Owner,32.6,999.0,62.0,5.0
Suzuki Vitara Brezza,Vitara Brezza,Compact SUV,2022,7.04,10322,CNG,Individual,Manual,First Owner,28.3,1461.0,103.4,5.0
Suzuki WagonR,WagonR,Hatchback,2018,2.68,70776,Petrol,Individual,Manual,First Owner,21.5,1003.0,64.3,5.0
Suzuki S-Presso,S-Presso,Hatchback,2019,2.96,28047,Petrol,Individual,Manual,First Owner,22.6,969.0,62.0,5.0
Suzuki Ertiga,Ertiga,MUV,2023,7.21,9356,Petrol,Individual,Manual,First Owner,18.2,1465.0,101.4,7.0
Suzuki Ciaz,Ciaz,Sedan,2017,2.42,132404,PETROL,Dealer,Manual,Second Owner,19.3,1203.0,81.2,5.0
Suzuki Swift,Swift,Hatchback,2022,5.47,15329,Petrol,Dealer,Automatic,First Owner,21.1,977.0,67.5,5.0
Suzuki Vitara Brezza,Vitara Brezza,Compact SUV,2017,3.47,81453,Petrol,Dealer,Automatic,First Owner,19.9,1456.0,109.0,5.0
Suzuki Dzire,Dzire,Sedan,2018,2.96,49874,Petrol,Individual,Manual,First Owner,24.4,1199.0,81.8,5.0
Suzuki S-Presso,S-Presso,Hatchback,2023,3.87,18039,CNG,Dealer,Manual,First Owner,30.8,985.0,66.3,5.0
Suzuki Jimny,Jimny,SUV,2015,3.61,93360,Petrol,Dealer,Automatic,Third Owner,15.3,1438.0,99.3,5.0
Suzuki Vitara Brezza,Vitara Brezza,Compact SUV,2017,4.03,70904,Petrol,Individual,Automatic,First Owner,21.2,1435.0,98.5,5.0
Suzuki Alto K10,Alto K10,Hatchback,2011,1.2,150328,Petrol,Individual,Manual,Third Owner,22.6,988.0,70.3,5.0
Suzuki WagonR,WagonR,Hatchback,2014,1.6,97106,Petrol,Dealer,Manual,First Owner,,,,
Suzuki Alto K10,Alto K10,Hatchback,2012,1.2,148611,Petrol,Trustmark Dealer,Manual,First Owner,22.3,998.0,66.3,5.0
Suzuki Celerio,Celerio,Hatchback,2015,1.88,45161,Petrol,Trustmark Dealer,Manual,Second Owner,21.7,985.0,71.9,5.0
Suzuki Dzire,Dzire,Sedan,2014,1.48,161450,Petrol,Individual,Manual,First Owner,20.6,1209.0,86.5,5.0
Suzuki Ciaz,Ciaz,Sedan,2022,7.88,18858,Petrol,Individual,Manual,First Owner,,1180.0,76.4,
Suzuki Ciaz,Ciaz,Sedan,2014,2.14,149833,Petrol,Individual,Manual,First Owner,22.2 kmpl,1166.0,79.7,5.0
Suzuki WagonR,WagonR,Hatchback,2016,2.36,60555,Petrol,Individual,Manual,First Owner,20.1,1004.0,66.7,5.0
Suzuki Vitara Brezza,Vitara Brezza,Compact SUV,2020,5.1,48945,Petrol,Individual,Manual,First Owner,20.9,1457.0,97.9,5.0
Suzuki Fronx,Fronx,Compact SUV,2020,3.92,67418,CNG,Individual,Manual,Third Owner,29.5,1454.0,107.9,5.0
Suzuki Jimny,Jimny,SUV,2011,2.67,120945,Petrol,Individual,Automatic,First Owner,17.2,1473.0,102.2,5.0
Suzuki WagonR,WagonR,Hatchback,2016,2.41,80132,CNG,Trustmark Dealer,Manual,First Owner,31.3,1008.0,68.7,5.0
Suzuki Dzire,Dzire,Sedan,2012,1.26,171478,Petrol,Individual,Manual,First Owner,20.1,1191.0,78.4,5.0
Suzuki Swift,Swift,Hatchback,2023,4.75,22464,Petrol,Trustmark Dealer,Manual,Second Owner,19.3,996.0,62.3,5.0
Suzuki Grand Vitara,Grand Vitara,SUV,2020,6.64,36548,Petrol,Individual,Manual,Second Owner,16.0,1463.0,106.7,5.0
Suzuki Vitara Brezza,Vitara Brezza,Compact SUV,2023,7.86,9910,Petrol,Dealer, Automatic ,Third Owner,19.8,1447.0,98.3,5.0
Suzuki Fronx,Fronx,Compact SUV,2014,1.63,149601,Petrol,Individual, Manual ,First Owner,20.9,1464.0,102.2,5.0
Suzuki Dzire,Dzire,Sedan,2022,4.98,19312,Petrol,Individual,Manual,First Owner,23.3,1209.0,82.4,5.0
Suzuki Grand Vitara,Grand Vitara,SUV,2017,4.15,114934,Petrol,Individual,Manual,First Owner,16.1 kmpl,1423.0,93.8,5.0
Suzuki Ciaz,Ciaz,Sedan,2023,9.97,5167,Petrol,Individual,Automatic,First Owner,22.0 kmpl,1173.0,78.0,5.0
Suzuki Swift,Swift,Hatchback,2008,1.2,179371,Petrol,Individual,Manual,Second Owner,24.6,998.0,63.8,5.0
Suzuki Vitara Brezza,Vitara Brezza,Compact SUV,2018,3.16,94783,Petrol,Individual,Manual,Second Owner,19.6,1447.0,108.3,5.0
Suzuki Ciaz,Ciaz,Sedan,2016,3.27,76196,Petrol,Individual,Manual,First Owner,21.1,1187.0,82.4,5.0
Suzuki Fronx,Fronx,Compact SUV,2023,7.07,4885,Petrol,Dealer,Automatic,Second Owner,21.5,1464.0,101.3,5.0
Suzuki Fronx,Fronx,Compact SUV,2022,5.22,42964,Petrol,Dealer,Manual,Second Owner,22.2,1456.0,101.8,5.0
Suzuki Celerio,Celerio,Hatchback,2019,2.77,72437,CNG,Individual,Manual,First Owner,31.4,988.0,67.2,5.0
Suzuki Baleno,Baleno,Premium Hatchback,2021,4.34,52104,Petrol,Dealer,Manual,First Owner,21.9,1197.0,87.2,5.0
Suzuki Dzire,Dzire,Sedan,2013,1.37,143019,Petrol,Individual,Automatic,Second Owner,21.9 kmpl,1201.0,83.2,5.0
Suzuki Baleno,Baleno,Premium Hatchback,2018,3.37,54732,Petrol,Individual,Manual,First Owner,20.5,1208.0,79.4,5.0
Suzuki Celerio,Celerio,Hatchback,2010,1.2,175527,Petrol,Individual,Manual,Second Owner,21.7 kmpl,1014.0,60.0,5.0
Suzuki S-Presso,S-Presso,Hatchback,2014,1.46,94801,Petrol,Trustmark Dealer,Manual,First Owner,23.1,992.0,73.3,5.0
Suzuki Ciaz,Ciaz,Sedan,2013,1.95,143806,Petrol,Individual, Manual ,First Owner,18.4,1227.0,80.7,5.0
Suzuki Ertiga,Ertiga,MUV,2017,3.1,118621,Petrol,Individual,Automatic,First Owner,18.1,1460.0,102.8,6.0
Suzuki S-Presso,S-Presso,Hatchback,2014,1.2,120726,Petrol,Individual,Manual,First Owner,21.7,994.0,68.2,5.0
Suzuki Vitara Brezza,Vitara Brezza,Compact SUV,2015,2.08,145431,Petrol,Trustmark Dealer,Automatic,Second Owner,21.7,1436.0,106.4,5.0
Suzuki Ciaz,Ciaz,Sedan,2014,2.32,175360,CNG,Individual,Automatic,First Owner,30.6,1191.0,86.0,5.0
Suzuki Jimny,Jimny,SUV,2021,8.54,56253,Petrol,Trustmark Dealer,Automatic,First Owner,15.7,1465.0,103.0,5.0
Suzuki WagonR,WagonR,Hatchback,2014,1.31,117132,Petrol,Dealer,Automatic,Second Owner,22.3,991.0,66.1,5.0
Suzuki Alto K10,Alto K10,Hatchback,2015,1.28,105725,CNG,Dealer,Manual,First Owner,30.3,970.0,62.6,5.0
Suzuki Dzire,Dzire,Sedan,2015,1.46,112764,CNG,Individual,Manual,Third Owner,,,,
Suzuki WagonR,WagonR,Hatchback,2020,3.71,48166,Petrol,Individual,Automatic,First Owner,22.3,982.0,71.2,5.0
Suzuki Baleno,Baleno,Premium Hatchback,2015,1.64,128457,Petrol,Trustmark Dealer,Manual,First Owner,22.6 kmpl,1177.0,81.3,5.0
Suzuki Dzire,Dzire,Sedan,2016,2.04,91108,PETROL,Individual,Manual,First Owner,20.1,1231.0,81.7,5.0
Suzuki Grand Vitara,Grand Vitara,SUV,2013,1.93,196625,Petrol,Dealer,Automatic,Fourth & Above Owner,18.9,1462.0,101.1,4.0
Suzuki Dzire,Dzire,Sedan,2015,1.38,118101,CNG,Individual,Manual,Third Owner,28.4,1201.0,81.6,5.0
Suzuki Vitara Brezza,Vitara Brezza,Compact SUV,2020,3.52,32966,Petrol,Trustmark Dealer,Manual,Fourth & Above Owner,,1440.0,101.8,
Suzuki Ignis,Ignis,Hatchback,2014,1.21,153354,Petrol,Individual,Manual,First Owner,23.5,1028.0,66.3,5.0
Suzuki Ciaz,Ciaz,Sedan,2019,4.09,90479,CNG,Dealer,Manual,First Owner,31.3 kmpl,1218.0,78.7,5.0
Suzuki Celerio,Celerio,Hatchback,2022,4.1,17473,Petrol,Dealer, Manual ,Second Owner,22.8,997.0,63.3,5.0
Suzuki XL6,XL6,MUV,2021,7.72,46618,Diesel,Dealer, Manual ,First Owner,22.4,1461.0,107.3,6.0
Suzuki Baleno,Baleno,Premium Hatchback,2017,2.29,75943,CNG,Individual,Manual,Third Owner,35.6,1204.0,83.5,5.0
Suzuki Fronx,Fronx,Compact SUV,2018,2.96,92874,Petrol,Dealer,Manual,First Owner,19.9,1439.0,101.5,5.0
Suzuki Vitara Brezza,Vitara Brezza,Compact SUV,2022,6.78,37092,Petrol,Individual,Automatic,Second Owner,21.0,1481.0,96.0,5.0
Suzuki Vitara Brezza,Vitara Brezza,Compact SUV,2017,3.26,77080,Petrol,Dealer, Manual ,First Owner,17.7,1464.0,105.1,5.0
Suzuki S-Presso,S-Presso,Hatchback,2012,1.2,143620,Petrol,Dealer,Manual,Third Owner,21.8,995.0,66.9,5.0
Suzuki Alto K10,Alto K10,Hatchback,2018,1.92,99254,Petrol,Individual,Manual,First Owner,19.8,999.0,64.0,5.0
Suzuki Alto K10,Alto K10,Hatchback,2009,1.2,159270,Petrol,Dealer,Manual,First Owner,22.7,1004.0,62.9,5.0
Suzuki Celerio,Celerio,Hatchback,2017,2.54,60599,Petrol,Individual,Manual,First Owner,23.1,975.0,75.1,5.0
Suzuki WagonR,WagonR,Hatchback,2021,3.09,36393,Petrol,Individual,Manual,Fourth & Above Owner,,1004.0,66.4,5.0
Suzuki Fronx,Fronx,Compact SUV,2021,5.06,30911,Petrol,Individual,Manual,Third Owner,19.8,1472.0,97.8,5.0
Suzuki Baleno,Baleno,Premium Hatchback,2021,4.49,50730,Petrol,Individual,Manual,Second Owner,25.2,1199.0,75.4,5.0
Suzuki Swift,Swift,Hatchback,2012,1.36,102894,Petrol,Individual,Manual,First Owner,21.6,981.0,66.7,5.0
Suzuki Alto K10,Alto K10,Hatchback,2023,4.24,500,Petrol,Individual,Manual,First Owner,22.1,1028.0,70.1,5.0
Suzuki Alto K10,Alto K10,Hatchback,2012,1.2,100376,Petrol,Individual,Manual,First Owner,22.2,991.0,65.4,5.0
Suzuki Ciaz,Ciaz,Sedan,2020,5.29,53488,Petrol,Individual,Automatic,Third Owner,22.1,1200.0,80.7,5.0
Suzuki Ignis,Ignis,Hatchback,2021,2.97,28424,Petrol,Individual,Manual,Fourth & Above Owner,20.8,998.0,71.3,5.0
Suzuki Celerio,Celerio,Hatchback,2021,3.64,44690,CNG,Individual,Manual,First Owner,29.3,998.0,67.9,5.0
Suzuki Swift,Swift,Hatchback,2021,5.0,15726,Petrol,Dealer,Automatic,First Owner,24.3 kmpl,975.0,60.9,5.0
Suzuki Ciaz,Ciaz,Sedan,2015,2.41,107759,Petrol,Individual,Manual,First Owner,,,,
Suzuki Dzire,Dzire,Sedan,2018,3.26,53204,Petrol,Trustmark Dealer,Automatic,First Owner,20.7,1176.0,80.2,5.0
Suzuki Vitara Brezza,Vitara Brezza,Compact SUV,2018,3.91,101166,Petrol,Individual,Automatic,First Owner,,1445.0,102.4,5.0
Suzuki Baleno,Baleno,Premium Hatchback,2020,4.66,35695,Petrol,Individual,Automatic,First Owner,22.6,1210.0,76.5,5.0
Suzuki Swift,Swift,Hatchback,2015,1.49,99591,Petrol,Dealer,Manual,Fourth & Above Owner,20.8 kmpl,997.0,66.9,5.0
Suzuki S-Presso,S-Presso,Hatchback,2015,1.2,148879,Petrol,Individual,Manual,Second Owner,23.3,1004.0,65.9,5.0
Suzuki Dzire,Dzire,Sedan,2018,2.74,36052,Petrol,Individual,Manual,Fourth & Above Owner,18.7,1218.0,84.8,5.0
Suzuki WagonR,WagonR,Hatchback,2020,3.75,45588,CNG,Individual,Manual,First Owner,28.9,994.0,62.7,5.0
Suzuki Vitara Brezza,Vitara Brezza,Compact SUV,2017,2.6,116968,Petrol,Individual,Automatic,First Owner,20.9,1460.0,98.3,5.0
Suzuki Celerio,Celerio,Hatchback,2014,1.3,111450,Petrol,Dealer,Manual,First Owner,21.3,998.0,68.3,5.0
Suzuki Swift,Swift,Hatchback,2014,1.23,163903,Petrol,Individual,Manual,First Owner,22.4,985.0,67.2,5.0
Suzuki Jimny,Jimny,SUV,2012,2.57,151430,Petrol,Dealer,Automatic,First Owner,17.5,1441.0,97.2,4.0
Suzuki Alto K10,Alto K10,Hatchback,2021,2.88,35393,Petrol,Dealer,Manual,First Owner,24.6 kmpl,993.0,65.6,5.0
Suzuki XL6,XL6,MUV,2017,4.2,97136,PETROL,Individual,Automatic,Second Owner,,,,
Suzuki Ciaz,Ciaz,Sedan,2015,2.59,97226,Petrol,Dealer,Manual,First Owner,21.1,1208.0,80.7,5.0
Suzuki XL6,XL6,MUV,2013,2.4,164289,Petrol,Dealer,Automatic,Second Owner,19.5,1450.0,105.6,7.0
Suzuki Dzire,Dzire,Sedan,2016,2.27,80501,Petrol,Dealer,Manual,First Owner,22.0 kmpl,1213.0,79.5,5.0
Suzuki Celerio,Celerio,Hatchback,2015,1.33,110317,Petrol,Dealer,Manual,Second Owner,23.4,996.0,70.5,5.0
Suzuki Swift,Swift,Hatchback,2023,5.87,6018,CNG,Dealer,Manual,First Owner,31.7,1006.0,67.0,5.0
Suzuki Swift,Swift,Hatchback,2022,4.31,36946,Petrol,Individual,Manual,Third Owner,20.6,972.0,67.0,5.0
Suzuki Ertiga,Ertiga,MUV,2016,2.62,74882,Petrol,Dealer,Manual,Second Owner,19.4,1447.0,100.8,7.0
Suzuki Alto K10,Alto K10,Hatchback,2020,2.44,50895,Petrol,Trustmark Dealer,Manual,Second Owner,23.4,997.0,72.2,5.0
Suzuki Vitara Brezza,Vitara Brezza,Compact SUV,2018,3.48,66384,Petrol,Individual,Automatic,Third Owner,20.7 kmpl,1452.0,102.5,5.0
Suzuki Baleno,Baleno,Premium Hatchback,2018,3.76,21092,Petrol,Trustmark Dealer,Manual,First Owner,23.8,1189.0,80.1,5.0
Suzuki Dzire,Dzire,Sedan,2017,1.65,159138,Petrol,Individual,Manual,Third Owner,21.2,1201.0,78.0,5.0
Suzuki Baleno,Baleno,Premium Hatchback,2018,3.06,67211,CNG,Individual, Manual ,First Owner,28.9,1223.0,81.6,5.0
Suzuki S-Presso,S-Presso,Hatchback,2015,1.2,138358,Petrol,Individual,Manual,Second Owner,21.3,1016.0,60.9,5.0
Suzuki Baleno,Baleno,Premium Hatchback,2012,1.31,142360,Petrol,Dealer,Manual,First Owner,20.8,1199.0,82.7,5.0
Suzuki Baleno,Baleno,Premium Hatchback,2015,2.46,69119,Petrol,Individual,Manual,First Owner,23.3,1188.0,80.3,5.0
Suzuki WagonR,WagonR,Hatchback,2015,1.46,119836,Petrol,Dealer,Manual,Second Owner,21.3,995.0,66.5,5.0
Suzuki Vitara Brezza,Vitara Brezza,Compact SUV,2023,7.2,26704,Petrol,Individual,Manual,First Owner,20.7,1469.0,102.9,5.0
Suzuki Ertiga,Ertiga,MUV,2014,1.85,173323,Petrol,Dealer,Manual,First Owner,19.7,1436.0,105.1,7.0
Suzuki Vitara Brezza,Vitara Brezza,Compact SUV,2018,3.99,58735,Petrol,Individual,Manual,First Owner,19.2 kmpl,1451.0,103.0,5.0
Suzuki WagonR,WagonR,Hatchback,2021,3.73,37553,Petrol,Individual,Manual,First Owner,23.5,988.0,66.0,5.0
Suzuki Fronx,Fronx,Compact SUV,2023,7.27,9735,Petrol,Dealer,Automatic,First Owner,22.1,1471.0,100.4,5.0
Suzuki Ertiga,Ertiga,MUV,2017,2.77,93932,Petrol,Dealer,Manual,Third Owner,20.5,1458.0,102.7,6.0
Suzuki Baleno,Baleno,Premium Hatchback,2018,2.82,98635,CNG,Individual,Manual,First Owner,28.3,1206.0,79.9,5.0
Suzuki Dzire,Dzire,Sedan,2014,1.59,109511,CNG,Individual,Manual,First Owner,27.6 kmpl,1195.0,79.5,5.0
Suzuki Baleno,Baleno,Premium Hatchback,2014,1.63,150351,Petrol,Dealer,Manual,First Owner,22.9,1207.0,80.6,5.0
Suzuki Dzire,Dzire,Sedan,2017,2.62,93403,CNG,Individual,Manual,First Owner,28.4,1176.0,77.0,5.0
Suzuki Alto K10,Alto K10,Hatchback,2023,3.73,9810,CNG,Dealer, Manual ,First Owner,30.3 kmpl,973.0,65.8,5.0
Suzuki Grand Vitara,Grand Vitara,SUV,2017,4.33,90843,Petrol,Dealer,Automatic,Third Owner,15.9,1464.0,108.8,5.0
Suzuki S-Presso,S-Presso,Hatchback,2017,1.31,104201,Petrol,Individual,Manual,Second Owner,21.2,1012.0,64.9,5.0
Suzuki Swift,Swift,Hatchback,2015,2.2,81662,Petrol,Individual,Automatic,Second Owner,23.3 kmpl,990.0,66.3,5.0
Suzuki WagonR,WagonR,Hatchback,2014,1.82,57974,Petrol,Dealer,Automatic,Second Owner,19.8,994.0,73.4,5.0
Suzuki XL6,XL6,MUV,2021,5.08,48456,Diesel,Individual,Manual,Fourth & Above Owner,22.7,1474.0,105.1,7.0
Suzuki Celerio,Celerio,Hatchback,2019,3.01,43370,CNG,Dealer,Manual,First Owner,29.7,984.0,73.3,5.0
Suzuki Swift,Swift,Hatchback,2016,2.43,65266,Petrol,Dealer,Manual,First Owner,24.5,993.0,65.4,5.0
Suzuki Dzire,Dzire,Sedan,2017,1.99,107646,Petrol,Individual,Manual,Second Owner,20.9,1189.0,84.3,5.0
Suzuki Vitara Brezza,Vitara Brezza,Compact SUV,2010,1.24,133784,Petrol,Dealer, Manual ,First Owner,18.9,1465.0,104.5,5.0
Suzuki WagonR,WagonR,Hatchback,2020,2.89,65259,CNG,Trustmark Dealer,Manual,First Owner,29.8,1010.0,65.0,5.0
Suzuki Baleno,Baleno,Premium Hatchback,2012,1.26,140915,CNG,Individual,Manual,First Owner,30.5,1242.0,80.3,5.0
Suzuki Dzire,Dzire,Sedan,2017,2.18,110883,CNG,Individual,Manual,First Owner,30.7,1218.0,81.8,5.0
Suzuki Grand Vitara,Grand Vitara,SUV,2020,7.45,19641,Petrol,Dealer,Manual,First Owner,16.2,1466.0,105.9,5.0
Suzuki Swift,Swift,Hatchback,2008,1.2,105142,CNG,Individual,Manual,First Owner,31.8,1016.0,71.9,5.0
Suzuki Swift,Swift,Hatchback,2020,3.56,54311,Petrol,Individual,Automatic,Third Owner,19.8,985.0,68.6,5.0
Suzuki Swift,Swift,Hatchback,2015,1.64,105023,Petrol,Individual,Manual,First Owner,22.1,977.0,68.9,5.0
Suzuki Vitara Brezza,Vitara Brezza,Compact SUV,2019,3.91,92064,PETROL,Individual,Automatic,Second Owner,20.3,1447.0,106.8,5.0
Suzuki Grand Vitara,Grand Vitara,SUV,2023,9.26,19724,Petrol,Dealer, Automatic ,First Owner,16.7,1454.0,97.7,4.0
Suzuki Dzire,Dzire,Sedan,2023,5.55,13769,PETROL,Individual,Manual,Second Owner,23.0,1213.0,78.8,5.0
Suzuki Dzire,Dzire,Sedan,2015,1.9,99235,Petrol,Individual,Manual,First Owner,21.1 kmpl,1172.0,81.8,5.0
Suzuki Celerio,Celerio,Hatchback,2017,1.55,101321,Petrol,Individual,Manual,Fourth & Above Owner,20.2,1022.0,66.1,5.0
Suzuki Dzire,Dzire,Sedan,2017,2.73,51846,Petrol,Individual,Manual,Third Owner,22.4,1205.0,85.4,5.0
Suzuki Vitara Brezza,Vitara Brezza,Compact SUV,2017,3.02,103678,Petrol,Individual,Manual,First Owner,21.4,1464.0,102.3,5.0
Suzuki Fronx,Fronx,Compact SUV,2013,2.04,98637,Petrol,Trustmark Dealer,Manual,First Owner,20.7,1473.0,105.4,5.0
Suzuki WagonR,WagonR,Hatchback,2015,1.36,159132,CNG,Individual,Manual,First Owner,29.1,998.0,65.9,5.0
Suzuki WagonR,WagonR,Hatchback,2017,2.27,62353,Petrol,Dealer,Manual,Second Owner,22.4,981.0,65.3,5.0
Suzuki Ignis,Ignis,Hatchback,2013,1.5,91112,Petrol,Individual,Manual,First Owner,21.2,996.0,68.8,5.0
Suzuki Baleno,Baleno,Premium Hatchback,2017,2.25,138081,Petrol,Trustmark Dealer,Automatic,First Owner,23.2,1183.0,83.5,5.0
Suzuki S-Presso,S-Presso,Hatchback,2022,3.55,19337,CNG,Dealer,Manual,First Owner,29.4 kmpl,997.0,68.5,5.0
Suzuki S-Presso,S-Presso,Hatchback,2021,2.88,51677,Petrol,Individual,Manual,Second Owner,21.9,990.0,66.5,5.0
Suzuki Dzire,Dzire,Sedan,2017,2.35,69770,Petrol,Individual,Automatic,Second Owner,19.0,1195.0,78.2,5.0
Suzuki Grand Vitara,Grand Vitara,SUV,2020,6.0,74787,Petrol,Individual,Manual,First Owner,16.9,1435.0,103.9,5.0
Suzuki Alto K10,Alto K10,Hatchback,2020,2.79,55207,Petrol,Individual,Automatic,First Owner,20.7 kmpl,1000.0,63.1,5.0
Suzuki Baleno,Baleno,Premium Hatchback,2016,2.05,115179,Petrol,Dealer,Manual,First Owner,22.9,1218.0,79.5,5.0
Suzuki Ertiga,Ertiga,MUV,2017,2.59,155004,Petrol,Dealer,Automatic,First Owner,21.1,1460.0,102.7,6.0
Suzuki Alto K10,Alto K10,Hatchback,2011,1.2,172661,Petrol,Individual,Manual,First Owner,19.2,982.0,69.6,5.0
Suzuki Vitara Brezza,Vitara Brezza,Compact SUV,2014,1.78,129951,Petrol,Dealer,Manual,Third Owner,19.2,1463.0,100.3,5.0
Suzuki Alto K10,Alto K10,Hatchback,2016,1.31,74485,Petrol,Individual,Manual,Second Owner,20.7,988.0,67.3,5.0
Suzuki Dzire,Dzire,Sedan,2014,1.57,111354,Petrol,Individual, Manual ,Second Owner,19.8,1170.0,83.6,5.0
Suzuki Baleno,Baleno,Premium Hatchback,2017,3.04,77341,CNG,Individual,Manual,Second Owner,32.1,1213.0,83.4,5.0
Suzuki XL6,XL6,MUV,2019,5.72,59062,Petrol,Trustmark Dealer,Manual,First Owner,20.7,1466.0,104.8,7.0
Suzuki Ertiga,Ertiga,MUV,2018,4.06,21571,Petrol,Individual,Manual,Second Owner,17.9,1461.0,103.1,7.0
Suzuki Swift,Swift,Hatchback,2018,2.76,55138,Petrol,Dealer,Manual,Second Owner,21.8,1000.0,64.0,5.0
Suzuki Baleno,Baleno,Premium Hatchback,2016,2.14,111967,PETROL,Dealer,Manual,First Owner,21.1,1177.0,79.0,5.0
Suzuki WagonR,WagonR,Hatchback,2015,1.88,83357,CNG,Trustmark Dealer,Manual,First Owner,32.4,1006.0,59.2,5.0
Suzuki Celerio,Celerio,Hatchback,2013,1.44,97779,Petrol,Dealer,Manual,First Owner,,,,
Suzuki Dzire,Dzire,Sedan,2016,2.12,96376,Petrol,Individual,Automatic,First Owner,19.8,1175.0,82.7,5.0
Suzuki Baleno,Baleno,Premium Hatchback,2018,2.83,95991,Petrol,Dealer,Manual,First Owner,23.2,1177.0,81.2,5.0
Suzuki Fronx,Fronx,Compact SUV,2014,1.88,171398,Petrol,Individual,Manual,First Owner,20.6,1468.0,100.4,5.0
Suzuki WagonR,WagonR,Hatchback,2011,1.2,110650,CNG,Individual,Manual,First Owner,29.1 kmpl,982.0,65.3,5.0
Suzuki Fronx,Fronx,Compact SUV,2019,3.92,48430,Petrol,Individual,Manual,First Owner,18.3,1481.0,100.4,5.0
Suzuki WagonR,WagonR,Hatchback,2009,1.2,229438,Petrol,Trustmark Dealer,Manual,Third Owner,22.1,982.0,66.7,5.0
Suzuki Ertiga,Ertiga,MUV,2017,3.71,68212,Petrol,Trustmark Dealer,Manual,First Owner,19.6,1483.0,103.8,7.0
Suzuki Ertiga,Ertiga,MUV,2012,1.53,163085,Petrol,Individual,Manual,Second Owner,20.1,1443.0,106.9,7.0
Suzuki Celerio,Celerio,Hatchback,2016,1.51,135642,Petrol,Individual,Manual,First Owner,21.0,986.0,68.6,5.0
Suzuki Swift,Swift,Hatchback,2016,1.98,88486,Petrol,Individual,Manual,First Owner,20.0,996.0,64.2,5.0
Suzuki Swift,Swift,Hatchback,2019,3.12,54046,Petrol,Dealer,Automatic,Third Owner,19.9 kmpl,1007.0,73.2,5.0
Suzuki Celerio,Celerio,Hatchback,2019,3.02,62317,Petrol,Individual,Manual,First Owner,,,,
Suzuki Swift,Swift,Hatchback,2012,1.2,142489,Petrol,Individual,Manual,First Owner,21.6,993.0,72.2,5.0
Suzuki Baleno,Baleno,Premium Hatchback,2019,3.01,53981,Petrol,Individual,Manual,Third Owner,21.6 kmpl,1176.0,76.1,5.0
Suzuki Dzire,Dzire,Sedan,2013,1.2,153895,Petrol,Individual,Automatic,Third Owner,21.2,1219.0,81.8,5.0
Suzuki Celerio,Celerio,Hatchback,2018,2.03,78887,Petrol,Individual,Manual,Third Owner,20.0,1007.0,66.3,5.0
Suzuki Baleno,Baleno,Premium Hatchback,2018,2.9,82525,Petrol,Trustmark Dealer,Manual,Second Owner,21.3,1229.0,83.9,5.0
Suzuki Grand Vitara,Grand Vitara,SUV,2016,3.49,111457,Petrol,Individual,Manual,First Owner,16.3,1443.0,99.8,5.0
Suzuki Swift,Swift,Hatchback,2015,1.45,89456,Petrol,Individual,Manual,Fourth & Above Owner,21.9,1021.0,68.0,5.0
Suzuki Ertiga,Ertiga,MUV,2020,5.44,53435,Petrol,Individual,Automatic,First Owner,19.7,1475.0,98.6,7.0
Suzuki Alto K10,Alto K10,Hatchback,2020,2.62,45457,CNG,Individual,Automatic,Second Owner,31.8,1020.0,66.2,5.0
Suzuki Ignis,Ignis,Hatchback,2018,2.7,60147,CNG,Dealer,Automatic,Second Owner,31.9,997.0,65.5,5.0
Suzuki Alto K10,Alto K10,Hatchback,2015,1.57,51966,Petrol,Individual,Manual,First Owner,21.9,1000.0,69.9,5.0
Suzuki Alto K10,Alto K10,Hatchback,2019,2.08,75150,CNG,Dealer,Manual,First Owner,30.7 kmpl,1014.0,67.0,5.0
Suzuki Celerio,Celerio,Hatchback,2023,5.77,7943,Petrol,Dealer,Automatic,First Owner,24.0 kmpl,972.0,66.0,5.0
Suzuki Vitara Brezza,Vitara Brezza,Compact SUV,2019,4.48,58131,Petrol,Individual,Automatic,First Owner,19.4,1467.0,110.3,5.0
Suzuki WagonR,WagonR,Hatchback,2017,2.14,97231,Petrol,Dealer,Manual,First Owner,18.6,1017.0,71.4,5.0
Suzuki WagonR,WagonR,Hatchback,2013,1.47,78465,CNG,Dealer,Manual,First Owner,29.9,1009.0,68.5,5.0
Suzuki Baleno,Baleno,Premium Hatchback,2015,1.79,141534,Petrol,Dealer,Automatic,First Owner,20.6,1177.0,80.8,5.0
Suzuki Ignis,Ignis,Hatchback,2012,1.29,99134,Petrol,Dealer,Manual,First Owner,21.7,1003.0,68.5,5.0
Suzuki Baleno,Baleno,Premium Hatchback,2021,5.11,41377,CNG,Individual,Manual,First Owner,30.9,1200.0,79.3,5.0
Suzuki Vitara Brezza,Vitara Brezza,Compact SUV,2019,5.14,69542,Petrol,Individual,Automatic,First Owner,20.8 kmpl,1458.0,104.4,5.0
Suzuki Vitara Brezza,Vitara Brezza,Compact SUV,2021,6.1,30678,Petrol,Dealer,Automatic,First Owner,20.4 kmpl,1448.0,106.4,5.0
Suzuki Baleno,Baleno,Premium Hatchback,2019,3.62,57129,CNG,Trustmark Dealer,Automatic,Second Owner,31.4,1207.0,77.4,5.0
Suzuki Alto K10,Alto K10,Hatchback,2015,1.2,120326,CNG,Dealer,Manual,Second Owner,31.4,986.0,62.1,5.0
Suzuki S-Presso,S-Presso,Hatchback,2020,2.95,15462,CNG,Individual,Manual,First Owner,28.7,1023.0,67.7,5.0
Suzuki Swift,Swift,Hatchback,2013,1.43,102855,Petrol,Dealer,Manual,First Owner,21.2,1034.0,71.2,5.0
Suzuki S-Presso,S-Presso,Hatchback,2020,2.82,40041,Petrol,Individual,Automatic,Second Owner,22.0,1001.0,66.2,5.0
Suzuki Dzire,Dzire,Sedan,2017,2.67,69021,Petrol,Individual,Manual,Second Owner,21.3,1212.0,86.0,5.0
Suzuki WagonR,WagonR,Hatchback,2021,4.0,47192,Petrol,Individual, Automatic ,Second Owner,20.2,1009.0,62.5,5.0
Suzuki Jimny,Jimny,SUV,2019,7.07,56475,Petrol,Individual,Manual,First Owner,19.3,1448.0,99.9,5.0
Suzuki Celerio,Celerio,Hatchback,2023,4.73,14016,CNG,Dealer,Automatic,First Owner,27.3,998.0,71.1,5.0
Suzuki Swift,Swift,Hatchback,2020,2.94,28168,Petrol,Individual,Automatic,Fourth & Above Owner,19.7,986.0,62.2,5.0
Suzuki Celerio,Celerio,Hatchback,2016,1.65,115776,CNG,Individual,Manual,First Owner,,996.0,71.8,
Suzuki Celerio,Celerio,Hatchback,2013,1.2,226859,Petrol,Individual,Manual,Second Owner,23.7 kmpl,1003.0,65.4,5.0
Suzuki Baleno,Baleno,Premium Hatchback,2013,1.36,166755,CNG,Dealer,Manual,First Owner,30.9 kmpl,1202.0,80.8,5.0
Suzuki Baleno,Baleno,Premium Hatchback,2014,2.14,81064,Petrol,Individual,Automatic,Third Owner,21.6,1208.0,81.9,5.0
Suzuki Baleno,Baleno,Premium Hatchback,2014,1.86,114137,Petrol,Dealer,Manual,First Owner,19.7,1191.0,78.9,5.0
Suzuki Jimny,Jimny,SUV,2014,3.09,127174,Petrol,Individual,Manual,First Owner,14.5,1428.0,105.5,4.0
Suzuki Fronx,Fronx,Compact SUV,2023,8.02,500,Petrol,Individual,Manual,First Owner,22.0,1446.0,104.0,5.0
Suzuki Ignis,Ignis,Hatchback,2013,1.2,159966,CNG,Individual,Manual,Second Owner,33.3,994.0,67.3,5.0
Suzuki Fronx,Fronx,Compact SUV,2018,3.28,74081,Petrol,Individual,Manual,Second Owner,20.5,1462.0,103.7,5.0
Suzuki Vitara Brezza,Vitara Brezza,Compact SUV,2020,5.29,57283,Petrol,Individual,Automatic,First Owner,22.4,1489.0,99.9,5.0
Suzuki Ciaz,Ciaz,Sedan,2018,4.58,62932,Petrol,Individual,Manual,First Owner,19.0,1173.0,78.6,5.0
Suzuki Grand Vitara,Grand Vitara,SUV,2023,9.82,28358,Petrol,Individual,Automatic,Second Owner,16.4,1462.0,112.0,4.0
Suzuki WagonR,WagonR,Hatchback,2021,4.77,34249,Petrol,Dealer,Automatic,First Owner,20.9,971.0,65.2,5.0
Suzuki WagonR,WagonR,Hatchback,2018,2.6,34108,Petrol,Dealer,Manual,Second Owner,21.5,966.0,61.5,5.0
Suzuki Vitara Brezza,Vitara Brezza,Compact SUV,2020,5.48,43757,Petrol,Dealer,Manual,First Owner,21.1,1447.0,107.5,5.0
Suzuki Celerio,Celerio,Hatchback,2015,1.42,115005,CNG,Dealer, Manual ,Second Owner,34.2,978.0,71.4,5.0
Suzuki WagonR,WagonR,Hatchback,2017,2.46,77905,Petrol,Trustmark Dealer,Manual,First Owner,21.7,1021.0,67.5,5.0
Suzuki Vitara Brezza,Vitara Brezza,Compact SUV,2023,7.41,500,Petrol,Dealer,Manual,Second Owner,19.5,1466.0,103.6,5.0
Suzuki Alto K10,Alto K10,Hatchback,2022,3.1,37791,Petrol,Dealer,Manual,First Owner,22.3,981.0,68.1,5.0
Suzuki Dzire,Dzire,Sedan,2019,3.9,53647,Petrol,Individual,Automatic,First Owner,19.9,1196.0,84.7,5.0
Suzuki Swift,Swift,Hatchback,2019,2.6,87036,CNG,Dealer,Automatic,Second Owner,33.2,985.0,64.8,5.0
Suzuki Ciaz,Ciaz,Sedan,2018,4.03,83274,Petrol,Dealer,Manual,First Owner,21.9,1184.0,82.6,5.0
Suzuki Ciaz,Ciaz,Sedan,2018,3.05,110605,CNG,Individual,Manual,First Owner,30.0,1229.0,79.8,5.0
Suzuki Fronx,Fronx,Compact SUV,2015,2.21,108121,CNG,Dealer,Manual,First Owner,27.4,1476.0,94.8,5.0
Suzuki Celerio,Celerio,Hatchback,2022,3.52,39328,PETROL,Dealer,Manual,Second Owner,,993.0,62.1,
Suzuki Baleno,Baleno,Premium Hatchback,2017,2.59,42848,PETROL,Trustmark Dealer,Manual,Third Owner,20.1,1197.0,81.2,5.0
Suzuki Dzire,Dzire,Sedan,2022,5.05,50447,Petrol,Dealer,Manual,First Owner,21.1,1172.0,80.4,5.0
Suzuki Alto K10,Alto K10,Hatchback,2019,2.55,33319,Petrol,Individual,Manual,First Owner,22.5,969.0,67.2,5.0
Suzuki Grand Vitara,Grand Vitara,SUV,2014,1.8,137355,Petrol,Individual,Automatic,Fourth & Above Owner,16.3,1468.0,103.2,5.0
Suzuki Ignis,Ignis,Hatchback,2016,1.89,76796,Petrol,Dealer,Manual,Second Owner,22.5,997.0,64.9,5.0
Suzuki Baleno,Baleno,Premium Hatchback,2022,5.1,37255,CNG,Individual,Automatic,First Owner,32.1,1200.0,84.5,5.0
Suzuki Vitara Brezza,Vitara Brezza,Compact SUV,2019,4.24,38571,Petrol,Individual,Manual,Second Owner,20.2,1454.0,97.9,5.0
Suzuki Dzire,Dzire,Sedan,2009,1.2,191718,Petrol,Individual,Automatic,First Owner,23.8,1208.0,82.4,5.0
Suzuki Vitara Brezza,Vitara Brezza,Compact SUV,2018,4.26,57131,Petrol,Individual,Manual,First Owner,19.2,1465.0,101.4,5.0
Suzuki S-Presso,S-Presso,Hatchback,2020,2.27,73090,CNG,Dealer,Automatic,Second Owner,30.4,980.0,71.7,5.0
Suzuki Ertiga,Ertiga,MUV,2018,3.97,65340,Petrol,Trustmark Dealer,Automatic,First Owner,18.6,1493.0,106.0,6.0
Suzuki Celerio,Celerio,Hatchback,2023,4.75,7053,Petrol,Dealer,Manual,First Owner,21.8,1005.0,61.8,5.0
Suzuki Ciaz,Ciaz,Sedan,2015,2.53,109946,PETROL,Individual,Manual,First Owner,20.9,1202.0,82.8,5.0
Suzuki XL6,XL6,MUV,2018,4.24,91533,Petrol,Individual,Automatic,Second Owner,,1473.0,105.9,7.0
Suzuki WagonR,WagonR,Hatchback,2017,1.79,108310,Petrol,Dealer,Manual,First Owner,22.0,1017.0,65.9,5.0
Suzuki Dzire,Dzire,Sedan,2019,3.76,58777,Petrol,Individual,Manual,First Owner,21.8,1210.0,80.0,5.0
Suzuki Baleno,Baleno,Premium Hatchback,2023,5.79,26232,Petrol,Individual,Automatic,Second Owner,22.4 kmpl,1244.0,84.6,5.0
Suzuki XL6,XL6,MUV,2023,7.88,500,Petrol,Dealer,Manual,Third Owner,19.1 kmpl,1455.0,103.2,7.0
Suzuki S-Presso,S-Presso,Hatchback,2014,1.2,112115,Petrol,Individual, Manual ,First Owner,22.0,992.0,67.4,5.0
Suzuki Dzire,Dzire,Sedan,2020,3.71,34637,Petrol,Individual,Manual,Third Owner,21.2,1204.0,82.9,5.0
Suzuki Vitara Brezza,Vitara Brezza,Compact SUV,2022,8.25,14130,CNG,Individual,Automatic,First Owner,26.9,1456.0,100.4,5.0
Suzuki Baleno,Baleno,Premium Hatchback,2018,3.42,33426,CNG,Individual,Manual,Second Owner,26.3,1207.0,81.7,5.0
Suzuki Dzire,Dzire,Sedan,2017,2.6,78146,Petrol,Dealer,Manual,Second Owner,20.5 kmpl,1208.0,79.6,5.0
Suzuki Baleno,Baleno,Premium Hatchback,2023,6.06,17148,Petrol,Individual,Automatic,Second Owner,22.9,1208.0,81.0,5.0
Suzuki XL6,XL6,MUV,2021,7.72,39421,Petrol,Individual,Manual,Second Owner,20.2,1462.0,101.8,6.0
Suzuki WagonR,WagonR,Hatchback,2020,3.25,43223,Petrol,Individual,Manual,First Owner,22.3,968.0,66.9,5.0
Suzuki Grand Vitara,Grand Vitara,SUV,2013,2.43,142347,Petrol,Individual,Manual,Second Owner,15.6,1433.0,101.9,5.0
Suzuki Dzire,Dzire,Sedan,2015,1.53,120608,Petrol,Individual,Manual,Second Owner,20.8,1227.0,86.4,5.0
Suzuki XL6,XL6,MUV,2023,9.78,12708,Petrol,Individual,Manual,Second Owner,18.7,1460.0,108.9,7.0
Suzuki XL6,XL6,MUV,2018,5.62,76578,Petrol,Trustmark Dealer,Automatic,First Owner,21.2 kmpl,1469.0,102.9,6.0
Suzuki Grand Vitara,Grand Vitara,SUV,2016,3.78,88337,Petrol,Individual,Manual,Second Owner,18.8,1491.0,103.1,5.0
Suzuki Ertiga,Ertiga,MUV,2023,6.48,11342,Petrol,Individual,Manual,Second Owner,19.2,1473.0,104.3,6.0
Suzuki Swift,Swift,Hatchback,2022,4.82,21783,Petrol,Individual,Automatic,Second Owner,21.5,998.0,68.9,5.0
Suzuki Swift,Swift,Hatchback,2023,5.19,500,Petrol,Individual,Manual,Second Owner,20.9,979.0,60.3,5.0
Suzuki Alto K10,Alto K10,Hatchback,2020,2.5,47982,Petrol,Trustmark Dealer,Automatic,Third Owner,22.5,988.0,70.2,5.0
Suzuki Baleno,Baleno,Premium Hatchback,2023,6.87,16888,CNG,Individual,Manual,First Owner,29.5 kmpl,1192.0,80.8,5.0
Suzuki Vitara Brezza,Vitara Brezza,Compact SUV,2018,3.52,80168,CNG,Individual,Manual,First Owner,28.9,1425.0,97.9,5.0
Suzuki Dzire,Dzire,Sedan,2018,2.82,80635,CNG,Trustmark Dealer, Manual ,First Owner,29.1 kmpl,1215.0,80.2,5.0
Suzuki Swift,Swift,Hatchback,2020,3.29,69570,Petrol,Individual,Manual,First Owner,20.9,982.0,68.6,5.0
Suzuki Dzire,Dzire,Sedan,2017,2.26,108612,Petrol,Individual,Automatic,First Owner,19.2 kmpl,1183.0,85.7,5.0
Suzuki WagonR,WagonR,Hatchback,2017,1.81,127799,CNG,Dealer,Automatic,First Owner,29.8,991.0,65.0,5.0
Suzuki Baleno,Baleno,Premium Hatchback,2013,1.74,99421,Petrol,Individual,Manual,First Owner,22.0,1227.0,85.7,5.0
Suzuki WagonR,WagonR,Hatchback,2023,4.79,26271,Petrol,Individual,Manual,First Owner,21.6 kmpl,1011.0,67.0,5.0
Suzuki S-Presso,S-Presso,Hatchback,2021,3.5,22568,Petrol,Dealer,Automatic,First Owner,21.8,997.0,60.6,5.0
Suzuki Dzire,Dzire,Sedan,2019,3.85,26936,Petrol,Individual,Manual,First Owner,23.9,1189.0,83.2,5.0
Suzuki XL6,XL6,MUV,2022,9.29,28048,Petrol,Individual,Automatic,First Owner,19.6,1458.0,100.5,6.0
Suzuki Celerio,Celerio,Hatchback,2015,1.69,88269,Petrol,Individual,Manual,First Owner,21.0,1012.0,70.3,5.0
Suzuki Vitara Brezza,Vitara Brezza,Compact SUV,2016,2.09,107201,Petrol,Individual,Manual,Second Owner,19.1,1471.0,105.1,5.0
Suzuki WagonR,WagonR,Hatchback,2016,1.87,113591,CNG,Dealer,Manual,First Owner,30.0,966.0,67.1,5.0
Suzuki Vitara Brezza,Vitara Brezza,Compact SUV,2012,1.24,173209,Petrol,Dealer,Manual,Third Owner,18.7,1480.0,107.0,5.0
Suzuki S-Presso,S-Presso,Hatchback,2020,2.62,64518,Petrol,Individual,Manual,First Owner,19.7,1007.0,66.2,5.0
Suzuki Baleno,Baleno,Premium Hatchback,2011,1.64,56127,Petrol,Individual,Manual,First Owner,21.4,1203.0,83.8,5.0
Suzuki Ertiga,Ertiga,MUV,2018,4.75,34793,Petrol,Trustmark Dealer,Automatic,First Owner,19.2,1454.0,103.5,7.0
Suzuki Baleno,Baleno,Premium Hatchback,2023,7.69,3859,CNG,Individual,Automatic,First Owner,31.9,1184.0,87.4,5.0
Suzuki Ciaz,Ciaz,Sedan,2017,3.97,71978,Petrol,Individual,Manual,First Owner,21.9,1201.0,83.8,5.0
Suzuki Alto K10,Alto K10,Hatchback,2017,1.77,60360,Petrol,Trustmark Dealer,Manual,First Owner,22.8,1007.0,64.6,5.0
Suzuki Dzire,Dzire,Sedan,2023,6.15,5667,CNG,Trustmark Dealer,Automatic,Second Owner,29.8,1211.0,83.6,5.0
Suzuki S-Presso,S-Presso,Hatchback,2010,1.2,171678,Petrol,Individual,Manual,Second Owner,20.9 kmpl,966.0,69.0,5.0
Suzuki WagonR,WagonR,Hatchback,2018,2.2,98530,CNG,Dealer, Manual ,First Owner,31.1 kmpl,986.0,69.0,5.0
Suzuki Baleno,Baleno,Premium Hatchback,2021,4.3,45814,CNG,Individual,Manual,First Owner,27.6 kmpl,1185.0,79.7,5.0
Suzuki Celerio,Celerio,Hatchback,2015,1.59,87927,CNG,Trustmark Dealer,Manual,First Owner,32.3,972.0,70.6,5.0
Suzuki Swift,Swift,Hatchback,2014,1.49,164440,CNG,Trustmark Dealer,Manual,First Owner,,,,
Suzuki Alto K10,Alto K10,Hatchback,2018,1.85,83484,Petrol,Individual,Manual,First Owner,23.2,991.0,62.0,5.0
Suzuki Vitara Brezza,Vitara Brezza,Compact SUV,2015,2.37,110278,Petrol,Dealer,Manual,First Owner,19.9,1475.0,98.9,5.0
Suzuki Swift,Swift,Hatchback,2013,1.2,157018,CNG,Trustmark Dealer,Manual,Second Owner,32.3 kmpl,1013.0,67.0,5.0
Suzuki Dzire,Dzire,Sedan,2020,4.23,35451,Petrol,Individual,Manual,Second Owner,19.7,1203.0,83.4,5.0
Suzuki Dzire,Dzire,Sedan,2023,0.01,13829,Petrol,Individual,Automatic,First Owner,21.4,1200.0,84.1,5.0
Suzuki Vitara Brezza,Vitara Brezza,Compact SUV,2018,3.95,73928,Petrol,Individual,Automatic,Second Owner,21.6,1462.0,100.1,5.0
Suzuki Fronx,Fronx,Compact SUV,2009,1.2,136867,Petrol,Individual,Manual,First Owner,19.8,1473.0,98.9,5.0
Suzuki Alto K10,Alto K10,Hatchback,2018,1.81,79933,Petrol,Individual,Manual,First Owner,,990.0,69.2,
Suzuki Baleno,Baleno,Premium Hatchback,2017,2.73,88371,Petrol,Individual,Automatic,First Owner,20.6 kmpl,1195.0,85.3,5.0
Suzuki Swift,Swift,Hatchback,2013,1.65,101726,Petrol,Dealer,Manual,First Owner,21.6,1008.0,66.0,5.0
Suzuki Dzire,Dzire,Sedan,2020,4.19,60034,Petrol,Individual,Automatic,First Owner,21.8,1202.0,79.0,5.0
Suzuki Swift,Swift,Hatchback,2015,1.8,136694,CNG,Individual,Automatic,First Owner,33.9,1003.0,66.0,5.0
Suzuki Baleno,Baleno,Premium Hatchback,2016,2.26,78862,PETROL,Individual, Manual ,First Owner,21.3,1210.0,81.2,5.0
Suzuki Dzire,Dzire,Sedan,2018,2.54,79483,Petrol,Individual,Manual,First Owner,22.9,1215.0,83.1,5.0
Suzuki Celerio,Celerio,Hatchback,2021,3.39,58204,Petrol,Individual,Automatic,Second Owner,,1016.0,65.4,5.0
Suzuki S-Presso,S-Presso,Hatchback,2021,3.38,17090,Petrol,Individual,Manual,Second Owner,21.1,986.0,68.7,5.0
Suzuki S-Presso,S-Presso,Hatchback,2010,1.2,169469,Petrol,Dealer,Manual,Second Owner,23.4,982.0,65.9,5.0
Suzuki Alto K10,Alto K10,Hatchback,2023,3.64,11701,PETROL,Individual,Manual,Second Owner,21.7 kmpl,1006.0,66.5,5.0
Suzuki Ertiga,Ertiga,MUV,2018,4.17,80121,Petrol,Individual,Automatic,First Owner,21.0,1454.0,105.8,7.0
Suzuki Grand Vitara,Grand Vitara,SUV,2013,2.36,115046,Petrol,Dealer,Manual,Second Owner,16.6 kmpl,1464.0,105.8,4.0
Suzuki Celerio,Celerio,Hatchback,2021,3.57,43767,Petrol,Dealer,Automatic,First Owner,,,,
Suzuki Vitara Brezza,Vitara Brezza,Compact SUV,2021,5.3,58973,Petrol,Dealer,Manual,Second Owner,20.6,1499.0,101.9,5.0
Suzuki Baleno,Baleno,Premium Hatchback,2020,4.63,48129,Petrol,Dealer,Manual,First Owner,22.1,1226.0,80.7,5.0
Suzuki S-Presso,S-Presso,Hatchback,2018,2.15,61023,Petrol,Individual,Manual,Second Owner,21.8,1026.0,68.7,5.0
Suzuki XL6,XL6,MUV,2021,7.93,24563,Petrol,Individual,Manual,First Owner,20.0,1451.0,104.6,7.0
Suzuki Baleno,Baleno,Premium Hatchback,2017,2.0,123729,Petrol,Individual,Manual,Second Owner,22.5 kmpl,1208.0,78.6,5.0
Suzuki Ertiga,Ertiga,MUV,2009,1.2,178007,Diesel,Individual,Manual,First Owner,24.4,1471.0,104.9,7.0
Suzuki Fronx,Fronx,Compact SUV,2020,4.3,42910,PETROL,Dealer,Manual,First Owner,19.9,1453.0,108.7,5.0
Suzuki Jimny,Jimny,SUV,2023,12.29,11290,Petrol,Individual,Automatic,Second Owner,17.8,1467.0,102.7,4.0
Suzuki Swift,Swift,Hatchback,2019,3.02,69833,Petrol,Individual,Manual,Second Owner,,,,
Suzuki Fronx,Fronx,Compact SUV,2018,4.45,24680,Petrol,Trustmark Dealer,Automatic,First Owner,20.0,1467.0,104.4,5.0
Suzuki Ciaz,Ciaz,Sedan,2017,2.42,132404,Petrol,Dealer,Manual,Second Owner,19.3,1203.0,81.2,5.0
Suzuki Ertiga,Ertiga,MUV,2023,7.86,27144,Petrol,Individual,Manual,Second Owner,18.2,1468.0,99.5,6.0
Suzuki Swift,Swift,Hatchback,2020,4.06,38042,CNG,Individual,Manual,Second Owner,31.1,997.0,62.8,5.0
Suzuki Vitara Brezza,Vitara Brezza,Compact SUV,2010,1.2,178772,Petrol,Individual,Manual,First Owner,20.3,1473.0,105.4,5.0
Suzuki Alto K10,Alto K10,Hatchback,2016,1.2,131205,CNG,Individual,Manual,Second Owner,31.1,1001.0,61.6,5.0
Suzuki Vitara Brezza,Vitara Brezza,Compact SUV,2017,3.38,999999,Petrol,Individual,Manual,Second Owner,19.1,1448.0,109.4,5.0
Suzuki Dzire,Dzire,Sedan,2017,3.11,53293,Petrol,Individual,Manual,First Owner,20.9,1200.0,83.9,5.0
Suzuki Dzire,Dzire,Sedan,2019,3.46,48677,CNG,Dealer,Manual,First Owner,31.0 kmpl,1191.0,85.3,5.0
Suzuki S-Presso,S-Presso,Hatchback,2023,4.2,20504,Petrol,Individual,Manual,First Owner,20.6,996.0,59.9,5.0
Suzuki Grand Vitara,Grand Vitara,SUV,2016,3.41,110355,Petrol,Dealer,Manual,Second Owner,17.7 kmpl,1468.0,105.8,4.0
Suzuki Jimny,Jimny,SUV,2015,3.25,147927,Petrol,Dealer,Manual,First Owner,14.9,1465.0,103.7,5.0
Suzuki WagonR,WagonR,Hatchback,2015,1.39,157473,CNG,Dealer,Automatic,Second Owner,32.4,1012.0,67.1,5.0
Suzuki Celerio,Celerio,Hatchback,2022,4.63,28804,CNG,Dealer,Automatic,First Owner,29.5 kmpl,983.0,69.2,5.0
Suzuki WagonR,WagonR,Hatchback,2019,2.66,63442,Petrol,Individual,Manual,Second Owner,21.9 kmpl,1022.0,65.5,5.0
Suzuki Swift,Swift,Hatchback,2015,1.87,93404,Petrol,Individual,Automatic,Second Owner,21.3,1005.0,68.2,5.0
Suzuki WagonR,WagonR,Hatchback,2023,3.84,500,CNG,Individual,Manual,Fourth & Above Owner,27.8,1005.0,65.3,5.0
Suzuki WagonR,WagonR,Hatchback,2023,4.62,17517,CNG,Dealer,Manual,Second Owner,30.2,976.0,69.2,5.0
Suzuki WagonR,WagonR,Hatchback,2008,1.2,141897,CNG,Trustmark Dealer,Manual,First Owner,29.0,991.0,64.1,5.0
Suzuki S-Presso,S-Presso,Hatchback,2023,4.47,14590,Petrol,Individual,Manual,First Owner,20.8,994.0,62.5,5.0
Suzuki S-Presso,S-Presso,Hatchback,2021,2.86,36224,Petrol,Dealer,Manual,Second Owner,20.5,979.0,68.6,5.0
Suzuki WagonR,WagonR,Hatchback,2022,4.37,36287,CNG,Individual,Manual,Second Owner,30.9,1013.0,68.5,5.0
Suzuki Vitara Brezza,Vitara Brezza,Compact SUV,2010,1.22,188399,Petrol,Individual,Automatic,Third Owner,21.2 kmpl,1470.0,102.4,5.0
Suzuki Grand Vitara,Grand Vitara,SUV,2013,2.2,145668,Petrol,Individual,Automatic,First Owner,14.8,1469.0,108.2,5.0
Suzuki Ertiga,Ertiga,MUV,2011,1.33,109399,Petrol,Individual,Manual,Second Owner,20.1,1494.0,101.9,7.0
Suzuki Baleno,Baleno,Premium Hatchback,2023,6.73,3025,Petrol,Dealer,Automatic,First Owner,21.4,1210.0,79.7,5.0
Suzuki Swift,Swift,Hatchback,2013,1.2,139960,Petrol,Individual,Manual,Second Owner,20.9,1024.0,62.8,5.0
Suzuki Ertiga,Ertiga,MUV,2018,3.54,77960,Petrol,Individual,Manual,First Owner,19.2,1480.0,101.7,7.0
Suzuki Alto K10,Alto K10,Hatchback,2020,2.14,54277,CNG,Individual,Manual,First Owner,30.8,1004.0,64.5,5.0
Suzuki Baleno,Baleno,Premium Hatchback,2018,2.75,85339,Petrol,Individual,Manual,First Owner,22.1,1208.0,82.3,5.0
Suzuki Ertiga,Ertiga,MUV,2020,5.97,35006,Petrol,Dealer,Automatic,First Owner,18.3,1469.0,98.8,6.0
Suzuki Ertiga,Ertiga,MUV,2019,3.87,67832,Petrol,Individual,Manual,First Owner,19.2,1472.0,106.9,6.0
Suzuki Celerio,Celerio,Hatchback,2014,1.43,103255,Petrol,Individual,Automatic,First Owner,19.9 kmpl,993.0,67.9,5.0
Suzuki Fronx,Fronx,Compact SUV,2016,2.5,115008,Petrol,Dealer,Manual,First Owner,21.0,1462.0,102.0,5.0
Suzuki Ciaz,Ciaz,Sedan,2012,2.23,97635,Petrol,Individual,Automatic,First Owner,20.0,1193.0,84.6,5.0
Suzuki WagonR,WagonR,Hatchback,2014,1.47,90595,Petrol,Dealer,Manual,Second Owner,21.4,1010.0,69.1,5.0
Suzuki Ignis,Ignis,Hatchback,2017,2.2,82432,Petrol,Dealer,Automatic,Second Owner,,1003.0,63.9,5.0
Suzuki Jimny,Jimny,SUV,2020,7.98,50038,Petrol,Dealer,Automatic,First Owner,18.4,1456.0,103.5,5.0
Suzuki WagonR,WagonR,Hatchback,2020,2.8,86660,Petrol,Dealer,Manual,Second Owner,20.7,983.0,63.8,5.0
Suzuki Celerio,Celerio,Hatchback,2018,2.67,62122,Petrol,Dealer,Manual,First Owner,20.6,986.0,65.2,5.0
Suzuki WagonR,WagonR,Hatchback,2020,3.33,79255,Petrol,Individual,Automatic,First Owner,21.9,995.0,65.7,5.0
Suzuki Ciaz,Ciaz,Sedan,2020,4.54,83097,Petrol,Dealer,Manual,First Owner,20.5 kmpl,1214.0,84.8,5.0
Suzuki Dzire,Dzire,Sedan,2023,6.12,2907,Petrol,Dealer, Manual ,Second Owner,22.1,1214.0,84.1,5.0
Suzuki Alto K10,Alto K10,Hatchback,2015,1.2,124324,CNG,Individual,Manual,First Owner,30.9,998.0,69.1,5.0
Suzuki Baleno,Baleno,Premium Hatchback,2019,3.04,43660,Petrol,Individual,Manual,First Owner,19.8,1178.0,82.3,5.0
Suzuki Dzire,Dzire,Sedan,2013,1.97,63982,PETROL,Dealer,Automatic,First Owner,21.5,1186.0,80.1,5.0
Suzuki Alto K10,Alto K10,Hatchback,2021,2.46,51897,CNG,Individual,Manual,Second Owner,29.9 kmpl,994.0,64.5,5.0
Suzuki Swift,Swift,Hatchback,2020,3.49,47620,Petrol,Individual,Manual,Second Owner,22.3,1003.0,63.0,5.0
Suzuki Vitara Brezza,Vitara Brezza,Compact SUV,2010,1.2,165350,CNG,Individual,Manual,First Owner,29.5,1432.0,100.7,5.0
Suzuki Baleno,Baleno,Premium Hatchback,2018,3.9,57898,Petrol,Individual,Automatic,First Owner,22.2,1187.0,83.5,5.0
Suzuki Swift,Swift,Hatchback,2021,3.89,39926,CNG,Trustmark Dealer,Manual,Third Owner,29.8,989.0,68.3,5.0
Suzuki Dzire,Dzire,Sedan,2017,2.79,63746,CNG,Individual,Manual,First Owner,31.6,1177.0,80.0,5.0
Suzuki XL6,XL6,MUV,2012,2.89,54563,Petrol,Dealer,Automatic,Second Owner,21.1,1461.0,107.1,7.0
Suzuki Vitara Brezza,Vitara Brezza,Compact SUV,2019,3.98,70649,Petrol,Individual,Manual,First Owner,21.5,1463.0,100.0,5.0
Suzuki Swift,Swift,Hatchback,2013,1.37,176235,Petrol,Individual,Automatic,First Owner,21.7,998.0,65.0,5.0
Suzuki Alto K10,Alto K10,Hatchback,2014,1.2,168967,Petrol,Individual,Manual,Second Owner,22.1,1012.0,67.2,5.0
Suzuki Dzire,Dzire,Sedan,2022,5.92,7707,Petrol,Individual,Automatic,First Owner,20.8,1183.0,79.0,5.0
Suzuki XL6,XL6,MUV,2019,5.66,79832,Petrol,Dealer,Manual,Second Owner,18.6,1467.0,105.1,6.0
Suzuki XL6,XL6,MUV,2023,10.97,500,Petrol,Dealer, Automatic ,First Owner,20.9,1451.0,104.9,7.0
Suzuki Baleno,Baleno,Premium Hatchback,2014,1.76,76825,Petrol,Individual,Manual,First Owner,24.5 kmpl,1184.0,88.2,5.0
Suzuki Grand Vitara,Grand Vitara,SUV,2018,4.24,78281,Petrol,Dealer,Manual,Second Owner,16.2,1440.0,99.9,5.0
Suzuki Ertiga,Ertiga,MUV,2016,2.32,140054,Petrol,Dealer,Manual,First Owner,17.1,1463.0,101.9,7.0
Suzuki Jimny,Jimny,SUV,2017,5.65,59256,Petrol,Dealer,Automatic,First Owner,14.9 kmpl,1480.0,105.6,5.0
Suzuki Alto K10,Alto K10,Hatchback,2023,4.03,14309,Petrol,Individual,Manual,Second Owner,23.1,1006.0,72.2,5.0
Suzuki Grand Vitara,Grand Vitara,SUV,2018,3.52,114103,Petrol,Individual,Manual,Third Owner,14.1,1484.0,101.4,5.0
Suzuki Swift,Swift,Hatchback,2012,1.2,143582,PETROL,Dealer,Manual,Second Owner,22.4,986.0,69.6,5.0
Suzuki WagonR,WagonR,Hatchback,2017,2.01,85305,Petrol,Trustmark Dealer,Manual,First Owner,20.9,1006.0,70.3,5.0
Suzuki Ertiga,Ertiga,MUV,2022,7.93,21704,Petrol,Individual,Manual,First Owner,19.8,1464.0,105.1,7.0
Suzuki Dzire,Dzire,Sedan,2018,2.75,76756,Petrol,Individual,Manual,Second Owner,18.8,1192.0,81.8,5.0
Suzuki Baleno,Baleno,Premium Hatchback,2019,3.22,64623,Petrol,Individual,Manual,Second Owner,22.3,1170.0,79.0,5.0
Suzuki Celerio,Celerio,Hatchback,2023,3.84,20524,Petrol,Individual,Manual,Third Owner,22.6,993.0,69.9,5.0
Suzuki Ertiga,Ertiga,MUV,2017,2.72,108763,Petrol,Individual,Manual,First Owner,19.5 kmpl,1458.0,101.8,6.0
Suzuki Alto K10,Alto K10,Hatchback,2017,1.59,88782,Petrol,Individual,Automatic,Third Owner,24.6,984.0,65.2,5.0
Suzuki Baleno,Baleno,Premium Hatchback,2020,4.34,45243,Petrol,Dealer,Manual,First Owner,21.0,1179.0,79.6,5.0
Suzuki Vitara Brezza,Vitara Brezza,Compact SUV,2015,1.3,145328,Petrol,Individual,Manual,Fourth & Above Owner,19.6,1448.0,104.0,5.0
Suzuki Baleno,Baleno,Premium Hatchback,2008,1.2,205724,CNG,Dealer,Automatic,First Owner,33.5,1201.0,83.3,5.0
Suzuki Vitara Brezza,Vitara Brezza,Compact SUV,2022,5.24,33599,CNG,Individual,Manual,Second Owner,27.6,1459.0,107.0,5.0
Suzuki Alto K10,Alto K10,Hatchback,2015,1.2,149112,Petrol,Dealer,Manual,First Owner,19.5,1019.0,66.6,5.0
Suzuki WagonR,WagonR,Hatchback,2018,2.72,49461,CNG,Dealer,Manual,Second Owner,32.5,988.0,69.5,5.0
Suzuki Swift,Swift,Hatchback,2018,3.05,46613,Petrol,Dealer,Manual,First Owner,22.9,1019.0,68.6,5.0
Suzuki Alto K10,Alto K10,Hatchback,2021,3.14,28889,CNG,Dealer,Manual,First Owner,31.3,981.0,67.0,5.0
Suzuki Ciaz,Ciaz,Sedan,2023,8.48,17851,Petrol,Dealer,Manual,First Owner,20.7,1201.0,80.5,5.0
Suzuki Dzire,Dzire,Sedan,2010,1.2,219497,PETROL,Individual,Manual,First Owner,20.0 kmpl,1198.0,84.0,5.0
Suzuki Baleno,Baleno,Premium Hatchback,2015,2.33,77259,Petrol,Individual,Automatic,First Owner,22.4 kmpl,1205.0,87.9,5.0
Suzuki Fronx,Fronx,Compact SUV,2020,5.02,55399,CNG,Individual,Automatic,First Owner,31.0 kmpl,1478.0,101.4,5.0
Suzuki Jimny,Jimny,SUV,2012,2.37,132402,Petrol,Individual,Manual,First Owner,15.3,1451.0,103.4,5.0
Suzuki Swift,Swift,Hatchback,2014,1.66,96300,Petrol,Dealer,Manual,First Owner,21.9,989.0,68.8,5.0
Suzuki Ertiga,Ertiga,MUV,2017,3.95,59623,Petrol,Individual,Manual,First Owner,17.6 kmpl,1449.0,101.8,6.0
Suzuki WagonR,WagonR,Hatchback,2013,1.29,107731,Petrol,Individual,Manual,Second Owner,22.2,971.0,70.9,5.0
Suzuki Alto K10,Alto K10,Hatchback,2021,2.87,57117,CNG,Dealer,Automatic,First Owner,29.9,982.0,69.4,5.0
Suzuki Celerio,Celerio,Hatchback,2017,2.16,92265,CNG,Individual,Manual,First Owner,31.5,988.0,65.9,5.0
Suzuki Fronx,Fronx,Compact SUV,2016,3.27,57114,Petrol,Dealer,Manual,First Owner,20.0 kmpl,1463.0,106.0,5.0
Suzuki Dzire,Dzire,Sedan,2017,2.66,68623,Petrol,Individual,Manual,Second Owner,21.1,1169.0,83.4,5.0
Suzuki Celerio,Celerio,Hatchback,2014,2.1,60190,Petrol,Individual,Automatic,First Owner,21.0,998.0,65.4,5.0
Suzuki Celerio,Celerio,Hatchback,2019,3.16,24473,CNG,Individual, Manual ,First Owner,32.4,1000.0,64.5,5.0
Suzuki Vitara Brezza,Vitara Brezza,Compact SUV,2020,5.55,39910,Petrol,Trustmark Dealer,Automatic,Second Owner,22.0,1485.0,104.5,5.0
Suzuki S-Presso,S-Presso,Hatchback,2023,4.53,4804,CNG,Dealer,Automatic,First Owner,30.4,1015.0,64.5,5.0
Suzuki Dzire,Dzire,Sedan,2014,1.71,108461,Petrol,Individual,Manual,First Owner,17.3 kmpl,1196.0,89.0,5.0
Suzuki Dzire,Dzire,Sedan,2019,2.43,63327,Petrol,Individual,Manual,Fourth & Above Owner,19.5,1187.0,85.8,5.0
Suzuki Vitara Brezza,Vitara Brezza,Compact SUV,2017,2.83,100899,CNG,Individual,Manual,Third Owner,30.7,1434.0,98.8,5.0
Suzuki Ertiga,Ertiga,MUV,2022,6.83,27301,Petrol,Trustmark Dealer,Manual,First Owner,20.2,1438.0,97.5,7.0
Suzuki Swift,Swift,Hatchback,2018,2.8,75440,CNG,Individual,Manual,First Owner,,,,
Suzuki Celerio,Celerio,Hatchback,2020,4.04,39665,Petrol,Individual,Automatic,First Owner,22.1,997.0,69.8,5.0
Suzuki Swift,Swift,Hatchback,2013,1.31,108091,Petrol,Individual,Manual,First Owner,22.0,1004.0,67.0,5.0
Suzuki S-Presso,S-Presso,Hatchback,2021,2.71,44414,CNG,Individual, Manual ,First Owner,29.8,1024.0,67.4,5.0
Suzuki S-Presso,S-Presso,Hatchback,2017,1.64,71058,CNG,Dealer,Manual,Second Owner,31.7 kmpl,1016.0,69.6,5.0
Suzuki Ciaz,Ciaz,Sedan,2015,2.63,112441,Petrol,Individual,Manual,First Owner,22.2,1208.0,88.5,5.0
Suzuki Ignis,Ignis,Hatchback,2018,2.73,83229,Petrol,Individual,Manual,First Owner,21.7,990.0,65.9,5.0
Suzuki Alto K10,Alto K10,Hatchback,2022,3.61,8173,Petrol,Individual,Automatic,First Owner,19.8,996.0,69.5,5.0
Suzuki WagonR,WagonR,Hatchback,2018,2.36,90346,Petrol,Individual,Manual,First Owner,21.7,1031.0,65.4,5.0
Suzuki Vitara Brezza,Vitara Brezza,Compact SUV,2014,2.43,93365,Petrol,Individual,Automatic,Second Owner,19.0 kmpl,1451.0,105.3,5.0
Suzuki Vitara Brezza,Vitara Brezza,Compact SUV,2017,3.23,97673,PETROL,Individual,Manual,First Owner,20.5 kmpl,1476.0,99.8,5.0
Suzuki Dzire,Dzire,Sedan,2012,1.23,114536,Petrol,Individual,Manual,First Owner,22.8,1205.0,85.2,5.0
Suzuki Vitara Brezza,Vitara Brezza,Compact SUV,2010,1.2,270161,Petrol,Individual,Manual,Fourth & Above Owner,20.0,1474.0,102.7,5.0
Suzuki WagonR,WagonR,Hatchback,2018,2.68,62893,Petrol,Dealer,Manual,First Owner,21.2 kmpl,989.0,71.8,5.0
Suzuki Jimny,Jimny,SUV,2017,5.28,42723,Petrol,Individual,Manual,Second Owner,15.9,1436.0,105.8,5.0
Suzuki Jimny,Jimny,SUV,2023,12.77,7868,Petrol,Individual,Automatic,First Owner,19.2,1471.0,107.4,5.0
Suzuki Dzire,Dzire,Sedan,2014,1.71,149601,CNG,Dealer,Automatic,First Owner,29.7,1209.0,76.3,5.0
Suzuki S-Presso,S-Presso,Hatchback,2021,2.76,38508,Petrol,Individual,Manual,Second Owner,22.3,984.0,62.7,5.0
Suzuki Vitara Brezza,Vitara Brezza,Compact SUV,2013,1.2,180841,CNG,Dealer,Manual,Second Owner,28.7,1457.0,103.3,5.0
Suzuki Dzire,Dzire,Sedan,2012,1.34,51318,Petrol,Trustmark Dealer,Manual,Fourth & Above Owner,20.2,1201.0,83.9,5.0
Suzuki WagonR,WagonR,Hatchback,2017,1.99,90930,Petrol,Dealer,Manual,Second Owner,20.7 kmpl,982.0,71.4,5.0
Suzuki Ciaz,Ciaz,Sedan,2020,5.8,44779,Petrol,Dealer,Manual,First Owner,22.0 kmpl,1211.0,80.2,5.0
Suzuki Dzire,Dzire,Sedan,2017,2.13,92926,Petrol,Individual,Manual,Second Owner,20.8,1165.0,81.6,5.0
Suzuki Dzire,Dzire,Sedan,2018,3.07,76831,PETROL,Individual,Manual,First Owner,19.5,1204.0,83.2,5.0
Suzuki Dzire,Dzire,Sedan,2019,3.1,63143,Petrol,Individual,Manual,Second Owner,19.1,1196.0,75.8,5.0
Suzuki Baleno,Baleno,Premium Hatchback,2023,6.09,23135,CNG,Individual,Automatic,First Owner,33.8 kmpl,1204.0,83.6,5.0
Suzuki Ertiga,Ertiga,MUV,2014,2.21,120230,Petrol,Individual,Manual,First Owner,20.7,1459.0,101.1,6.0
Suzuki Ciaz,Ciaz,Sedan,2020,5.33,40378,Petrol,Individual,Manual,First Owner,22.3,1205.0,87.9,5.0
Suzuki Ciaz,Ciaz,Sedan,2012,1.57,167190,Petrol,Individual,Manual,Second Owner,20.5,1185.0,79.7,5.0
Suzuki Fronx,Fronx,Compact SUV,2020,4.51,52000,Petrol,Trustmark Dealer,Automatic,Second Owner,22.1 kmpl,1450.0,109.7,5.0
Suzuki Ciaz,Ciaz,Sedan,2010,1.57,102176,Petrol,Individual,Automatic,First Owner,21.5,1197.0,84.5,5.0
Suzuki Dzire,Dzire,Sedan,2014,1.45,168607,PETROL,Dealer,Manual,First Owner,20.6 kmpl,1207.0,81.6,5.0
Suzuki WagonR,WagonR,Hatchback,2013,1.54,81679,Petrol,Individual,Manual,First Owner,22.4,994.0,64.2,5.0
Suzuki Swift,Swift,Hatchback,2010,1.2,207008,Petrol,Individual,Manual,Third Owner,21.7,992.0,66.3,5.0
Suzuki Celerio,Celerio,Hatchback,2018,2.14,88206,Petrol,Individual,Manual,Second Owner,22.7,1002.0,65.3,5.0
Suzuki Jimny,Jimny,SUV,2020,7.74,50397,Petrol,Trustmark Dealer,Manual,First Owner,16.6,1466.0,100.6,5.0
Suzuki S-Presso,S-Presso,Hatchback,2016,1.24,115809,Petrol,Individual,Manual,Second Owner,22.1 kmpl,998.0,65.4,5.0
Suzuki Ertiga,Ertiga,MUV,2018,3.99,65893,Petrol,Dealer,Automatic,First Owner,18.4,1448.0,99.6,7.0
Suzuki Celerio,Celerio,Hatchback,2023,4.58,500,Petrol,Dealer,Manual,First Owner,20.5,985.0,70.4,5.0
Suzuki WagonR,WagonR,Hatchback,2021,3.77,43574,Petrol,Trustmark Dealer,Manual,First Owner,21.2,990.0,67.6,5.0
Suzuki WagonR,WagonR,Hatchback,2017,2.42,92699,Petrol,Individual,Automatic,First Owner,,995.0,67.0,
Suzuki WagonR,WagonR,Hatchback,2017,2.51,80850,CNG,Individual,Manual,First Owner,27.9 kmpl,1010.0,67.8,5.0
Suzuki Grand Vitara,Grand Vitara,SUV,2015,2.79,136333,Petrol,Dealer,Manual,First Owner,18.6,1463.0,106.4,5.0
Suzuki Ignis,Ignis,Hatchback,2015,1.61,102074,Petrol,Individual,Manual,Second Owner,21.7,1015.0,72.9,5.0
Suzuki Baleno,Baleno,Premium Hatchback,2018,2.29,111997,Petrol,Dealer,Manual,Third Owner,21.1,1194.0,84.7,5.0
Suzuki Fronx,Fronx,Compact SUV,2017,2.85,97222,CNG,Trustmark Dealer,Automatic,First Owner,30.4,1490.0,104.1,5.0
Suzuki Vitara Brezza,Vitara Brezza,Compact SUV,2014,2.12,120960,Petrol,Individual,Automatic,Second Owner,20.5,1456.0,106.1,5.0
Suzuki Celerio,Celerio,Hatchback,2016,1.69,111437,Petrol,Individual,Manual,First Owner,22.1,1005.0,71.5,5.0
Suzuki Fronx,Fronx,Compact SUV,2014,1.99,116782,Petrol,Individual,Automatic,First Owner,19.6,1462.0,101.4,5.0
Suzuki Ignis,Ignis,Hatchback,2017,2.21,85159,PETROL,Dealer,Manual,Second Owner,20.3,998.0,63.6,5.0
Suzuki Baleno,Baleno,Premium Hatchback,2018,2.42,79852,Petrol,Dealer,Manual,Third Owner,20.7,1193.0,85.5,5.0
Suzuki Fronx,Fronx,Compact SUV,2016,2.84,80861,Petrol,Dealer,Manual,Second Owner,22.2,1457.0,101.1,5.0
Suzuki XL6,XL6,MUV,2014,3.22,82110,Petrol,Dealer,Manual,Second Owner,20.8,1454.0,98.8,6.0
Suzuki Jimny,Jimny,SUV,2018,5.41,104514,Petrol,Individual,Automatic,First Owner,16.8,1455.0,102.6,4.0
Suzuki Vitara Brezza,Vitara Brezza,Compact SUV,2017,2.45,107324,Petrol,Dealer,Automatic,Second Owner,,,,
Suzuki Alto K10,Alto K10,Hatchback,2022,3.73,8287,Petrol,Individual,Manual,First Owner,22.4,1007.0,66.4,5.0
Suzuki WagonR,WagonR,Hatchback,2021,3.49,27858,PETROL,Dealer, Automatic ,Fourth & Above Owner,22.7,1015.0,70.1,5.0
Suzuki Ciaz,Ciaz,Sedan,2021,4.87,42303,Petrol,Individual,Manual,Second Owner,20.5,1204.0,81.2,5.0
Suzuki Vitara Brezza,Vitara Brezza,Compact SUV,2011,1.4,219743,Petrol,Dealer,Manual,First Owner,20.8,1462.0,101.6,5.0
Suzuki Baleno,Baleno,Premium Hatchback,2016,2.39,80064,Petrol,Individual,Manual,Second Owner,21.4,1202.0,84.5,5.0
Suzuki Ciaz,Ciaz,Sedan,2016,3.03,93266,CNG,Individual,Manual,First Owner,28.2,1212.0,76.9,5.0
Suzuki Vitara Brezza,Vitara Brezza,Compact SUV,2019,3.62,63188,Petrol,Individual,Manual,First Owner,22.0,1479.0,103.0,5.0
Suzuki Celerio,Celerio,Hatchback,2011,1.2,126071,Petrol,Individual,Manual,Second Owner,22.0,1007.0,65.6,5.0
Suzuki Ignis,Ignis,Hatchback,2012,1.2,142655,CNG,Individual,Manual,Second Owner,31.1 kmpl,1007.0,64.8,5.0
Suzuki Swift,Swift,Hatchback,2023,6.22,500,Petrol,Dealer,Automatic,Second Owner,22.6,1005.0,67.4,5.0
Suzuki Alto K10,Alto K10,Hatchback,2014,1.2,90041,Petrol,Dealer,Manual,First Owner,20.1 kmpl,979.0,70.9,5.0
Suzuki Ignis,Ignis,Hatchback,2023,5.28,7304,CNG,Dealer, Manual ,First Owner,29.7,999.0,70.3,5.0
Suzuki Jimny,Jimny,SUV,2013,2.1,184075,Petrol,Individual,Manual,Fourth & Above Owner,17.2,1432.0,102.0,5.0
Suzuki Ertiga,Ertiga,MUV,2018,4.37,64900,Petrol,Dealer,Manual,First Owner,19.3,1470.0,98.9,6.0
Suzuki Vitara Brezza,Vitara Brezza,Compact SUV,2023,7.51,14653,Petrol,Individual,Manual,Second Owner,19.5,1479.0,106.8,5.0
Suzuki Dzire,Dzire,Sedan,2011,1.25,111616,Petrol,Trustmark Dealer,Manual,First Owner,,,,
Suzuki S-Presso,S-Presso,Hatchback,2018,2.51,65006,Petrol,Individual,Automatic,First Owner,21.3,988.0,69.8,5.0
Suzuki Swift,Swift,Hatchback,2021,4.44,13220,Petrol,Individual,Manual,First Owner,21.7,1027.0,63.2,5.0
Suzuki Swift,Swift,Hatchback,2020,3.72,56331,Petrol,Individual,Automatic,First Owner,21.0,1006.0,70.6,5.0
Suzuki Vitara Brezza,Vitara Brezza,Compact SUV,2023,8.03,500,Petrol,Dealer,Automatic,First Owner,21.9,1494.0,106.8,5.0
Suzuki WagonR,WagonR,Hatchback,2019,3.03,38034,Petrol,Trustmark Dealer, Manual ,Second Owner,21.4,1008.0,59.9,5.0
Suzuki Swift,Swift,Hatchback,2017,1.7,91961,CNG,Individual,Manual,Fourth & Above Owner,29.9,991.0,70.3,5.0
Suzuki Dzire,Dzire,Sedan,2016,2.43,999999,Petrol,Dealer,Manual,First Owner,19.4,1199.0,80.2,5.0
Suzuki Baleno,Baleno,Premium Hatchback,2012,1.21,144971,Petrol,Trustmark Dealer,Manual,Second Owner,23.5,1205.0,80.8,5.0
Suzuki Vitara Brezza,Vitara Brezza,Compact SUV,2015,2.2,113133,CNG,Trustmark Dealer, Manual ,Second Owner,29.4,1444.0,102.4,5.0
Suzuki Dzire,Dzire,Sedan,2016,2.5,51804,Petrol,Individual,Manual,First Owner,20.7 kmpl,1187.0,80.5,5.0
Suzuki Ertiga,Ertiga,MUV,2019,4.03,71731,Petrol,Dealer,Manual,Second Owner,18.1 kmpl,1458.0,107.3,7.0
Suzuki Alto K10,Alto K10,Hatchback,2023,3.84,7376,CNG,Individual,Manual,Second Owner,31.2,992.0,73.0,5.0
Suzuki Vitara Brezza,Vitara Brezza,Compact SUV,2019,5.48,55502,Petrol,Individual,Automatic,First Owner,19.6 kmpl,1469.0,104.0,5.0
Suzuki Vitara Brezza,Vitara Brezza,Compact SUV,2017,3.53,61334,Petrol,Individual,Manual,First Owner,19.8,1479.0,104.6,5.0
Suzuki Ignis,Ignis,Hatchback,2019,3.04,52943,CNG,Dealer,Manual,First Owner,30.5,984.0,66.8,5.0
Suzuki Fronx,Fronx,Compact SUV,2023,7.6,19748,Petrol,Dealer,Automatic,First Owner,20.1,1471.0,100.8,5.0
Suzuki Ignis,Ignis,Hatchback,2016,2.18,51301,Petrol,Dealer,Manual,First Owner,20.7,1023.0,66.4,5.0
Suzuki Vitara Brezza,Vitara Brezza,Compact SUV,2021,6.03,40746,CNG,Individual,Automatic,First Owner,29.7,1487.0,104.6,5.0
Suzuki XL6,XL6,MUV,2019,5.11,47416,Diesel,Individual,Manual,Second Owner,22.1 kmpl,1455.0,107.3,7.0
Suzuki Baleno,Baleno,Premium Hatchback,2015,1.63,84238,Petrol,Trustmark Dealer,Manual,Fourth & Above Owner,20.7 kmpl,1202.0,80.4,5.0
Suzuki Alto K10,Alto K10,Hatchback,2015,1.2,121780,CNG,Individual,Automatic,Second Owner,,998.0,67.9,5.0
Suzuki XL6,XL6,MUV,2018,5.77,72949,Petrol,Trustmark Dealer,Automatic,First Owner,20.2,1457.0,106.7,7.0
Suzuki Dzire,Dzire,Sedan,2014,1.59,115383,Petrol,Individual,Manual,Second Owner,21.6,1228.0,86.2,5.0
Suzuki Fronx,Fronx,Compact SUV,2019,4.07,62659,Petrol,Individual,Manual,First Owner,20.1,1442.0,100.6,5.0
Suzuki Fronx,Fronx,Compact SUV,2018,3.6,59497,Petrol,Individual,Automatic,Second Owner,19.9,1462.0,106.3,5.0
Suzuki Ertiga,Ertiga,MUV,2016,2.77,83310,Petrol,Dealer,Manual,Third Owner,18.5,1466.0,102.5,7.0
Suzuki Grand Vitara,Grand Vitara,SUV,2020,6.21,75301,Petrol,Trustmark Dealer, Automatic ,First Owner,15.7,1424.0,100.0,5.0
Suzuki Baleno,Baleno,Premium Hatchback,2015,2.32,85142,Petrol,Dealer,Manual,First Owner,21.3,1195.0,79.0,5.0
Suzuki Dzire,Dzire,Sedan,2018,2.51,93383,Petrol,Trustmark Dealer,Manual,Third Owner,20.1,1211.0,84.9,5.0
Suzuki Vitara Brezza,Vitara Brezza,Compact SUV,2020,4.46,33205,Petrol,Individual,Manual,Second Owner,22.7,1478.0,99.8,5.0
Suzuki Baleno,Baleno,Premium Hatchback,2023,5.51,18297,CNG,Individual, Manual ,First Owner,31.0 kmpl,1181.0,80.8,5.0
Suzuki Fronx,Fronx,Compact SUV,2012,1.22,150438,PETROL,Individual,Manual,First Owner,22.4,1439.0,105.6,5.0
Suzuki Fronx,Fronx,Compact SUV,2013,1.34,154452,Petrol,Dealer,Automatic,Third Owner,19.2 kmpl,1452.0,104.4,5.0
Suzuki Swift,Swift,Hatchback,2022,5.81,500,Petrol,Individual,Manual,First Owner,18.2,1012.0,67.0,5.0
Suzuki Vitara Brezza,Vitara Brezza,Compact SUV,2013,1.94,105635,Petrol,Dealer,Manual,First Owner,21.3,1458.0,104.4,5.0
Suzuki Dzire,Dzire,Sedan,2017,2.32,107627,Petrol,Dealer,Manual,First Owner,,,,
Suzuki Ignis,Ignis,Hatchback,2018,2.69,92379,Petrol,Individual,Automatic,First Owner,23.3,1003.0,69.5,5.0
Suzuki S-Presso,S-Presso,Hatchback,2017,1.73,53467,CNG,Individual,Manual,First Owner,29.9,1010.0,62.8,5.0
Suzuki WagonR,WagonR,Hatchback,2017,2.2,62783,Petrol,Individual,Manual,First Owner,22.4,1002.0,63.4,5.0
Suzuki Celerio,Celerio,Hatchback,2021,3.31,28633,Petrol,Individual,Manual,Third Owner,23.2,1012.0,67.2,5.0
Suzuki XL6,XL6,MUV,2021,8.47,24307,Petrol,Individual,Automatic,First Owner,20.7 kmpl,1470.0,107.0,6.0
Suzuki Dzire,Dzire,Sedan,2018,3.38,37960,Petrol,Dealer,Manual,First Owner,23.7,1194.0,83.0,5.0
Suzuki Dzire,Dzire,Sedan,2019,3.33,56055,Petrol,Individual,Manual,First Owner,21.5,1197.0,84.7,5.0
Suzuki Ciaz,Ciaz,Sedan,2013,1.88,152517,CNG,Dealer,Manual,First Owner,29.9,1215.0,81.6,5.0
Suzuki Alto K10,Alto K10,Hatchback,2023,3.63,14205,Petrol,Individual,Manual,First Owner,,1011.0,64.5,
Suzuki Vitara Brezza,Vitara Brezza,Compact SUV,2015,2.07,173529,Petrol,Individual,Automatic,First Owner,18.5 kmpl,1456.0,106.1,5.0
Suzuki Dzire,Dzire,Sedan,2016,2.04,88762,Petrol,Trustmark Dealer,Manual,Second Owner,22.4,1215.0,82.7,5.0
Suzuki Dzire,Dzire,Sedan,2020,4.35,18446,CNG,Individual,Automatic,Second Owner,30.0,1211.0,82.5,5.0
Suzuki WagonR,WagonR,Hatchback,2016,2.11,88305,CNG,Individual,Manual,First Owner,31.2,991.0,64.2,5.0
Suzuki WagonR,WagonR,Hatchback,2016,1.66,107043,CNG,Individual,Manual,Second Owner,32.1,988.0,71.2,5.0
Suzuki Vitara Brezza,Vitara Brezza,Compact SUV,2023,8.73,500,CNG,Individual,Manual,First Owner,26.9,1466.0,103.6,5.0
Suzuki Ciaz,Ciaz,Sedan,2023,8.48,9946,Petrol,Dealer,Manual,First Owner,21.1,1215.0,79.9,5.0
Suzuki Jimny,Jimny,SUV,2019,7.22,39733,Petrol,Trustmark Dealer,Manual,First Owner,17.5,1486.0,101.4,4.0
Suzuki Celerio,Celerio,Hatchback,2022,3.85,14105,Petrol,Individual,Manual,Third Owner,22.1,987.0,63.7,5.0
Suzuki WagonR,WagonR,Hatchback,2018,2.9,94432,Petrol,Individual, Automatic ,First Owner,,997.0,71.4,5.0
Suzuki Fronx,Fronx,Compact SUV,2020,5.21,33030,Petrol,Individual,Automatic,First Owner,19.3,1472.0,102.5,5.0
Suzuki Ertiga,Ertiga,MUV,2017,2.88,101884,Petrol,Trustmark Dealer,Manual,First Owner,18.1,1461.0,101.0,6.0
Suzuki Alto K10,Alto K10,Hatchback,2014,1.2,123391,CNG,Individual,Manual,Second Owner,32.3,996.0,65.7,5.0
Suzuki Dzire,Dzire,Sedan,2013,1.47,136622,Petrol,Individual,Automatic,First Owner,22.4,1201.0,80.9,5.0
Suzuki Grand Vitara,Grand Vitara,SUV,2022,8.33,36230,Petrol,Individual,Manual,Second Owner,16.2 kmpl,1480.0,101.5,5.0
Suzuki Baleno,Baleno,Premium Hatchback,2018,3.69,65040,CNG,Dealer,Manual,First Owner,29.8,1181.0,82.7,5.0
Suzuki Baleno,Baleno,Premium Hatchback,2012,1.35,124671,Petrol,Trustmark Dealer,Manual,First Owner,22.1,1169.0,76.1,5.0
Suzuki Baleno,Baleno,Premium Hatchback,2020,4.84,40372,CNG,Individual,Automatic,First Owner,29.2,1199.0,78.6,5.0
Suzuki Ciaz,Ciaz,Sedan,2015,2.61,114311,Petrol,Dealer,Manual,First Owner,20.1,1207.0,84.5,5.0
Suzuki Dzire,Dzire,Sedan,2014,1.57,127249,PETROL,Individual,Automatic,Second Owner,19.6 kmpl,1182.0,80.7,5.0
Suzuki Alto K10,Alto K10,Hatchback,2009,1.2,208556,Petrol,Individual,Manual,First Owner,21.1,1006.0,64.6,5.0
Suzuki Alto K10,Alto K10,Hatchback,2023,3.54,18785,Petrol,Individual,Manual,First Owner,21.5,1002.0,64.5,5.0
Suzuki Celerio,Celerio,Hatchback,2014,1.69,88642,Petrol,Individual, Manual ,First Owner,20.8,993.0,61.4,5.0
Suzuki WagonR,WagonR,Hatchback,2023,5.32,17286,Petrol,Individual,Automatic,First Owner,21.2,1008.0,65.2,5.0
Suzuki Dzire,Dzire,Sedan,2017,2.37,103870,Petrol,Individual,Manual,First Owner,20.2,1162.0,82.2,5.0
Suzuki Celerio,Celerio,Hatchback,2018,2.85,37162,Petrol,Individual,Manual,First Owner,20.2,1002.0,70.6,5.0
Suzuki Alto K10,Alto K10,Hatchback,2012,1.2,120783,Petrol,Trustmark Dealer,Manual,First Owner,21.0,1010.0,68.9,5.0
Suzuki Celerio,Celerio,Hatchback,2023,4.41,16572,Petrol,Individual,Manual,Second Owner,21.6,964.0,66.1,5.0
Suzuki Baleno,Baleno,Premium Hatchback,2013,1.28,185640,CNG,Individual,Manual,Second Owner,26.7,1210.0,84.0,5.0
Suzuki Celerio,Celerio,Hatchback,2017,2.14,89609,Petrol,Individual,Manual,First Owner,21.6,981.0,66.1,5.0
Suzuki Ciaz,Ciaz,Sedan,2012,1.52,163684,Petrol,Dealer,Manual,Second Owner,21.8,1176.0,83.0,5.0
Suzuki Swift,Swift,Hatchback,2014,2.0,55601,Petrol,Individual,Manual,First Owner,,,,
Suzuki Dzire,Dzire,Sedan,2019,3.83,47995,Petrol,Individual,Manual,First Owner,22.1,1176.0,79.0,5.0
Suzuki Dzire,Dzire,Sedan,2012,1.28,135861,CNG,Dealer,Manual,First Owner,30.8,1196.0,81.0,5.0
Suzuki Ignis,Ignis,Hatchback,2017,1.99,122924,CNG,Individual,Automatic,First Owner,30.1,985.0,67.6,5.0
Suzuki Ertiga,Ertiga,MUV,2023,7.64,9148,Petrol,Dealer,Automatic,First Owner,19.2 kmpl,1456.0,102.0,7.0
Suzuki Fronx,Fronx,Compact SUV,2017,2.77,53882,Petrol,Dealer,Manual,Second Owner,21.1 kmpl,1461.0,100.3,5.0
Suzuki Ciaz,Ciaz,Sedan,2015,2.3,132714,Petrol,Dealer,Manual,First Owner,20.0,1187.0,78.6,5.0
Suzuki Swift,Swift,Hatchback,2018,2.67,71712,CNG,Individual,Manual,Second Owner,31.5,999.0,70.3,5.0
Suzuki Dzire,Dzire,Sedan,2010,1.2,177866,Petrol,Individual,Manual,First Owner,22.9,1197.0,82.1,5.0
Suzuki S-Presso,S-Presso,Hatchback,2018,1.46,102775,CNG,Dealer,Manual,Second Owner,27.5,1022.0,65.6,5.0
Suzuki XL6,XL6,MUV,2021,7.11,39238,Petrol,Individual,Manual,Second Owner,18.4,1449.0,104.4,6.0
Suzuki Baleno,Baleno,Premium Hatchback,2016,2.73,55446,Petrol,Individual,Automatic,First Owner,,,,
Suzuki Alto K10,Alto K10,Hatchback,2016,1.2,87989,Petrol,Dealer,Automatic,Fourth & Above Owner,22.3,1001.0,62.8,5.0
Suzuki Vitara Brezza,Vitara Brezza,Compact SUV,2009,1.2,207528,PETROL,Dealer,Manual,Fourth & Above Owner,20.4,1428.0,103.5,5.0
Suzuki Vitara Brezza,Vitara Brezza,Compact SUV,2021,6.5,15523,Petrol,Individual,Automatic,First Owner,22.4,1473.0,105.1,5.0
Suzuki Jimny,Jimny,SUV,2015,2.42,156081,Petrol,Individual,Manual,Second Owner,16.1,1462.0,99.8,5.0
Suzuki WagonR,WagonR,Hatchback,2013,1.37,112890,Petrol,Individual,Manual,First Owner,22.2,1022.0,67.6,5.0
Suzuki Dzire,Dzire,Sedan,2019,2.87,57946,Petrol,Dealer,Manual,Second Owner,22.5,1197.0,81.5,5.0
Suzuki Grand Vitara,Grand Vitara,SUV,2013,2.24,164930,Petrol,Individual,Manual,First Owner,17.7,1454.0,101.8,5.0
Suzuki Vitara Brezza,Vitara Brezza,Compact SUV,2014,1.83,151019,Petrol,Individual,Manual,First Owner,18.8,1470.0,103.8,5.0
Suzuki Baleno,Baleno,Premium Hatchback,2008,1.2,179866,CNG,Dealer,Manual,Fourth & Above Owner,28.7 kmpl,1219.0,85.0,5.0
Suzuki Vitara Brezza,Vitara Brezza,Compact SUV,2019,4.32,69291,Petrol,Individual,Manual,First Owner,18.2,1457.0,103.2,5.0
Suzuki WagonR,WagonR,Hatchback,2022,4.33,27921,Petrol,Individual,Manual,First Owner,22.5,1011.0,68.9,5.0
Suzuki WagonR,WagonR,Hatchback,2016,2.05,83049,Petrol,Individual,Manual,First Owner,20.2,989.0,71.1,5.0
Suzuki Swift,Swift,Hatchback,2020,2.44,76200,CNG,Individual,Manual,Fourth & Above Owner,32.1 kmpl,1003.0,56.7,5.0
Suzuki Baleno,Baleno,Premium Hatchback,2022,5.77,21524,CNG,Individual,Manual,First Owner,28.5,1172.0,81.0,5.0
Suzuki Ciaz,Ciaz,Sedan,2020,5.14,52021,CNG,Individual,Manual,First Owner,28.4 kmpl,1221.0,82.3,5.0
Suzuki S-Presso,S-Presso,Hatchback,2010,1.2,75661,CNG,Dealer,Manual,First Owner,29.5 kmpl,990.0,66.4,5.0
Suzuki Baleno,Baleno,Premium Hatchback,2019,3.35,85944,Petrol,Individual,Manual,Second Owner,22.4 kmpl,1146.0,89.2,5.0
Suzuki Vitara Brezza,Vitara Brezza,Compact SUV,2021,6.77,47761,Petrol,Dealer,Automatic,First Owner,22.1,1487.0,102.3,5.0
Suzuki Dzire,Dzire,Sedan,2018,3.13,43083,PETROL,Individual,Manual,Second Owner,19.7 kmpl,1203.0,76.1,5.0
Suzuki Ertiga,Ertiga,MUV,2017,4.07,83919,PETROL,Individual,Automatic,First Owner,19.8,1414.0,100.5,7.0
Suzuki Swift,Swift,Hatchback,2022,5.08,23212,Petrol,Dealer,Manual,First Owner,22.3 kmpl,1019.0,66.4,5.0
Suzuki Dzire,Dzire,Sedan,2015,1.59,96929,Petrol,Dealer,Manual,First Owner,,1210.0,85.5,
Suzuki Dzire,Dzire,Sedan,2016,2.39,66048,CNG,Individual,Manual,First Owner,29.6 kmpl,1225.0,80.8,5.0
Suzuki Ciaz,Ciaz,Sedan,2014,1.73,113139,Petrol,Individual,Manual,Fourth & Above Owner,20.1,1203.0,79.5,5.0
Suzuki Swift,Swift,Hatchback,2008,1.2,176828,Petrol,Individual,Manual,First Owner,19.7 kmpl,1006.0,68.9,5.0
Suzuki Celerio,Celerio,Hatchback,2012,1.2,128986,Petrol,Individual,Manual,First Owner,21.5,979.0,71.6,5.0
Suzuki WagonR,WagonR,Hatchback,2020,3.83,35844,Petrol,Individual,Manual,First Owner,20.9,981.0,65.0,5.0
Suzuki Swift,Swift,Hatchback,2014,1.41,129852,Petrol,Individual,Manual,Second Owner,22.5 kmpl,1000.0,70.4,5.0
Suzuki WagonR,WagonR,Hatchback,2021,3.29,49662,Petrol,Dealer, Manual ,First Owner,21.3,982.0,70.1,5.0
Suzuki WagonR,WagonR,Hatchback,2017,1.91,119352,Petrol,Dealer, Automatic ,First Owner,22.7 kmpl,1013.0,69.7,5.0
Suzuki WagonR,WagonR,Hatchback,2018,2.64,56041,Petrol,Individual,Automatic,First Owner,21.1 kmpl,982.0,67.5,5.0
Suzuki Jimny,Jimny,SUV,2018,5.98,60467,Petrol,Individual,Automatic,First Owner,17.2,1474.0,104.4,4.0
Suzuki Celerio,Celerio,Hatchback,2015,1.2,125323,Petrol,Individual,Manual,Third Owner,20.1 kmpl,1008.0,67.1,5.0
Suzuki Dzire,Dzire,Sedan,2017,1.65,159138,Petrol,Individual,Manual,Third Owner,21.2 kmpl,1201.0,78.0,5.0
Suzuki WagonR,WagonR,Hatchback,2012,1.2,139611,Petrol,Individual,Manual,First Owner,21.3,1010.0,65.7,5.0
Suzuki Swift,Swift,Hatchback,2012,1.2,176071,CNG,Individual,Manual,Second Owner,30.8,1011.0,62.6,5.0
Suzuki Dzire,Dzire,Sedan,2019,3.3,78328,Petrol,Dealer,Manual,First Owner,21.5,1191.0,86.6,5.0
Suzuki Swift,Swift,Hatchback,2022,4.94,15983,Petrol,Dealer, Manual ,First Owner,19.8,1010.0,67.3,5.0
Suzuki Ciaz,Ciaz,Sedan,2018,3.92,81559,Petrol,Individual,Manual,Second Owner,20.7,1205.0,84.6,5.0
Suzuki Swift,Swift,Hatchback,2019,3.09,57011,CNG,Individual, Automatic ,Second Owner,30.9,985.0,68.3,5.0
Suzuki Grand Vitara,Grand Vitara,SUV,2013,2.36,124008,Petrol,Individual,Automatic,First Owner,17.0,1459.0,107.6,5.0
Suzuki Swift,Swift,Hatchback,2015,1.8,100779,CNG,Individual, Automatic ,Third Owner,30.4 kmpl,1009.0,71.7,5.0
Suzuki WagonR,WagonR,Hatchback,2017,2.21,61333,CNG,Dealer,Manual,First Owner,29.8,964.0,62.1,5.0
Suzuki Vitara Brezza,Vitara Brezza,Compact SUV,2008,1.2,146110,Petrol,Individual,Manual,First Owner,20.6,1471.0,102.3,5.0
Suzuki Vitara Brezza,Vitara Brezza,Compact SUV,2023,6.0,22656,Petrol,Individual,Manual,Second Owner,22.4,1457.0,100.2,5.0
Suzuki Grand Vitara,Grand Vitara,SUV,2008,1.33,114454,Petrol,Individual,Manual,Second Owner,15.5,1498.0,108.4,4.0
Suzuki Vitara Brezza,Vitara Brezza,Compact SUV,2018,4.31,59696,Petrol,Dealer,Manual,First Owner,21.7,1473.0,105.3,5.0
Suzuki WagonR,WagonR,Hatchback,2023,4.83,19455,Petrol,Individual,Manual,First Owner,19.3,996.0,67.0,5.0
Suzuki Dzire,Dzire,Sedan,2023,5.56,19683,Petrol,Dealer,Manual,First Owner,20.7,1167.0,85.4,5.0
Suzuki Ciaz,Ciaz,Sedan,2023,9.14,17225,Petrol,Individual,Automatic,First Owner,21.3,1210.0,84.1,5.0
Suzuki Baleno,Baleno,Premium Hatchback,2015,1.66,127027,PETROL,Individual,Manual,First Owner,23.8 kmpl,1204.0,86.1,5.0
Suzuki S-Presso,S-Presso,Hatchback,2021,2.49,38133,CNG,Dealer,Manual,Second Owner,29.5,1018.0,69.1,5.0
Suzuki Celerio,Celerio,Hatchback,2017,1.63,102994,PETROL,Trustmark Dealer, Manual ,First Owner,20.8,991.0,63.7,5.0
Suzuki Grand Vitara,Grand Vitara,SUV,2019,5.66,62127,Petrol,Trustmark Dealer,Automatic,First Owner,16.3,1460.0,105.2,5.0
Suzuki WagonR,WagonR,Hatchback,2015,1.42,115860,Petrol,Trustmark Dealer,Manual,Second Owner,21.3 kmpl,991.0,64.6,5.0
Suzuki XL6,XL6,MUV,2016,4.66,83999,Diesel,Individual,Automatic,First Owner,23.9,1510.0,103.6,7.0
Suzuki Swift,Swift,Hatchback,2014,1.71,111460,Petrol,Dealer,Manual,First Owner,19.4,1018.0,67.0,5.0
Suzuki Swift,Swift,Hatchback,2021,4.51,44620,Petrol,Dealer, Automatic ,Second Owner,21.3,979.0,69.0,5.0
Suzuki Ertiga,Ertiga,MUV,2014,1.72,141591,Petrol,Dealer,Manual,Second Owner,19.4,1493.0,101.8,6.0
Suzuki Fronx,Fronx,Compact SUV,2020,4.26,75158,Petrol,Individual,Automatic,Third Owner,17.6,1454.0,103.1,5.0
Suzuki Vitara Brezza,Vitara Brezza,Compact SUV,2018,3.64,76253,Petrol,Individual,Automatic,First Owner,21.0,1443.0,100.7,5.0
Suzuki Grand Vitara,Grand Vitara,SUV,2014,2.78,116247,PETROL,Individual,Manual,First Owner,16.3,1470.0,104.9,5.0
Suzuki Fronx,Fronx,Compact SUV,2014,1.63,136744,Petrol,Individual,Manual,First Owner,20.2,1466.0,96.8,5.0
Suzuki Swift,Swift,Hatchback,2016,2.24,86920,Petrol,Individual,Manual,First Owner,22.3 kmpl,986.0,69.5,5.0
Suzuki WagonR,WagonR,Hatchback,2019,2.73,53852,CNG,Dealer,Manual,Second Owner,30.5,987.0,69.7,5.0
Suzuki WagonR,WagonR,Hatchback,2015,1.68,113563,CNG,Individual,Manual,Second Owner,28.4,991.0,63.3,5.0
Suzuki Celerio,Celerio,Hatchback,2015,1.35,135003,Petrol,Dealer,Manual,First Owner,20.5,998.0,65.2,5.0
Suzuki Dzire,Dzire,Sedan,2012,1.2,185430,Petrol,Individual,Manual,First Owner,21.8,1207.0,85.2,5.0
Suzuki Swift,Swift,Hatchback,2015,1.69,120120,Petrol,Dealer,Manual,First Owner,21.7,1027.0,65.9,5.0
Suzuki Dzire,Dzire,Sedan,2017,2.98,72799,Petrol,Dealer,Manual,First Owner,21.2,1229.0,80.7,5.0
Suzuki Dzire,Dzire,Sedan,2023,5.91,14941,Petrol,Individual,Automatic,First Owner,21.5,1193.0,78.3,5.0
Suzuki WagonR,WagonR,Hatchback,2022,4.67,18401,CNG,Individual, Manual ,First Owner,27.3,1007.0,64.3,5.0
Suzuki S-Presso,S-Presso,Hatchback,2014,1.2,177463,Petrol,Dealer,Manual,First Owner,23.5,987.0,70.3,5.0
Suzuki Dzire,Dzire,Sedan,2023,6.75,7623,Petrol,Trustmark Dealer, Automatic ,First Owner,21.0,1205.0,82.6,5.0
Suzuki Dzire,Dzire,Sedan,2021,3.13,31894,Petrol,Individual,Manual,Fourth & Above Owner,22.5,1189.0,83.9,5.0
Suzuki Fronx,Fronx,Compact SUV,2018,3.24,48126,Petrol,Individual,Manual,Third Owner,21.4,1439.0,103.1,5.0
Suzuki Swift,Swift,Hatchback,2020,3.68,59915,CNG,Individual, Manual ,First Owner,27.5,1016.0,67.0,5.0
Suzuki WagonR,WagonR,Hatchback,2010,1.2,191167,CNG,Dealer,Automatic,Third Owner,29.8 kmpl,1008.0,64.2,5.0
Suzuki Jimny,Jimny,SUV,2019,6.67,79150,Petrol,Trustmark Dealer,Automatic,First Owner,16.5,1464.0,105.8,5.0
Suzuki Vitara Brezza,Vitara Brezza,Compact SUV,2015,2.76,105452,Petrol,Individual,Manual,First Owner,21.3,1461.0,103.7,5.0
Suzuki Alto K10,Alto K10,Hatchback,2016,1.53,74116,CNG,Dealer,Manual,First Owner,30.2 kmpl,1003.0,62.5,5.0
Suzuki Vitara Brezza,Vitara Brezza,Compact SUV,2023,8.06,6352,Petrol,Dealer,Manual,First Owner,20.2,1465.0,101.5,5.0
Suzuki Ignis,Ignis,Hatchback,2013,1.2,135643,Petrol,Individual,Manual,First Owner,22.9,976.0,66.3,5.0
Suzuki Alto K10,Alto K10,Hatchback,2011,1.2,82135,CNG,Dealer,Manual,Second Owner,32.1 kmpl,1024.0,65.1,5.0
Suzuki XL6,XL6,MUV,2014,2.34,134503,Petrol,Individual,Manual,Second Owner,20.5,1466.0,105.2,7.0
Suzuki Ertiga,Ertiga,MUV,2017,4.37,55221,Petrol,Trustmark Dealer,Automatic,First Owner,19.0,1468.0,101.7,7.0
Suzuki Jimny,Jimny,SUV,2015,3.9,103310,Petrol,Individual,Automatic,First Owner,16.8,1462.0,99.1,4.0
Suzuki XL6,XL6,MUV,2012,2.1,140108,Petrol,Individual,Manual,First Owner,20.6 kmpl,1434.0,97.0,7.0
Suzuki Baleno,Baleno,Premium Hatchback,2020,3.42,45435,Petrol,Individual,Manual,Second Owner,,,,
Suzuki Ertiga,Ertiga,MUV,2019,4.02,68809,Petrol,Trustmark Dealer,Manual,First Owner,19.4,1458.0,111.0,6.0
Suzuki Ciaz,Ciaz,Sedan,2017,3.23,101794,CNG,Dealer,Automatic,Third Owner,29.8,1192.0,84.8,5.0
Suzuki Grand Vitara,Grand Vitara,SUV,2017,4.5,65845,Petrol,Individual,Manual,First Owner,15.2,1477.0,109.7,5.0
Suzuki Ertiga,Ertiga,MUV,2017,3.49,78587,Petrol,Dealer,Automatic,First Owner,19.4,1456.0,106.5,7.0
Suzuki Baleno,Baleno,Premium Hatchback,2021,4.4,46644,Petrol,Individual,Manual,First Owner,23.8,1208.0,81.9,5.0
Suzuki Grand Vitara,Grand Vitara,SUV,2020,7.66,15812,Petrol,Trustmark Dealer,Automatic,Second Owner,16.3,1426.0,104.2,5.0
Suzuki XL6,XL6,MUV,2020,7.7,37561,Petrol,Individual,Automatic,First Owner,21.3,1467.0,105.8,7.0
Suzuki Fronx,Fronx,Compact SUV,2020,4.69,48667,Petrol,Individual,Automatic,First Owner,20.0,1462.0,103.5,5.0
Suzuki XL6,XL6,MUV,2019,5.07,58449,Petrol,Dealer,Manual,First Owner,16.4,1459.0,103.5,6.0
Suzuki Ertiga,Ertiga,MUV,2023,7.52,18669,Diesel,Individual,Manual,First Owner,22.4,1457.0,106.4,7.0
Suzuki XL6,XL6,MUV,2015,3.44,99687,Petrol,Dealer,Automatic,First Owner,21.4,1460.0,106.9,7.0
Suzuki Baleno,Baleno,Premium Hatchback,2016,2.32,101661,Petrol,Dealer,Manual,Second Owner,24.3,1198.0,78.7,5.0
Suzuki Swift,Swift,Hatchback,2016,1.77,125439,Petrol,Dealer,Automatic,First Owner,21.8,987.0,69.9,5.0
Suzuki Dzire,Dzire,Sedan,2014,1.83,84235,Petrol,Individual,Manual,First Owner,20.5,1197.0,80.7,5.0
Suzuki Dzire,Dzire,Sedan,2015,1.48,129523,Petrol,Individual,Manual,Second Owner,23.1,1180.0,84.0,5.0
Suzuki Fronx,Fronx,Compact SUV,2023,7.79,14344,Petrol,Individual,Automatic,First Owner,21.4,1435.0,97.6,5.0
Suzuki Vitara Brezza,Vitara Brezza,Compact SUV,2017,3.07,85554,Petrol,Individual,Automatic,First Owner,20.0,1462.0,103.0,5.0
Suzuki Swift,Swift,Hatchback,2015,1.37,142865,Petrol,Dealer,Manual,First Owner,21.9,986.0,67.8,5.0
Suzuki Celerio,Celerio,Hatchback,2019,3.16,47542,Petrol,Dealer,Manual,First Owner,21.2,985.0,69.4,5.0
Suzuki Celerio,Celerio,Hatchback,2018,2.58,50238,Petrol,Individual,Manual,Second Owner,22.3,1007.0,67.1,5.0
Suzuki WagonR,WagonR,Hatchback,2021,3.48,36550,Petrol,Individual,Manual,First Owner,19.0,1021.0,69.9,5.0
Suzuki Grand Vitara,Grand Vitara,SUV,2019,6.86,52372,Petrol,Individual,Automatic,First Owner,15.8,1477.0,102.0,4.0
Suzuki Dzire,Dzire,Sedan,2020,3.07,70875,Petrol,Dealer,Manual,First Owner,23.5,1202.0,80.7,5.0
Suzuki Alto K10,Alto K10,Hatchback,2018,1.53,102183,Petrol,Dealer,Manual,Second Owner,,,,
Suzuki Vitara Brezza,Vitara Brezza,Compact SUV,2014,2.02,111002,Petrol,Individual,Manual,Second Owner,21.6,1473.0,101.8,5.0
Suzuki Ertiga,Ertiga,MUV,2016,3.17,88601,Petrol,Individual,Manual,First Owner,19.7,1453.0,102.6,7.0
Suzuki Alto K10,Alto K10,Hatchback,2017,1.4,111426,Petrol,Individual,Manual,Second Owner,20.6 kmpl,1020.0,66.4,5.0
Suzuki WagonR,WagonR,Hatchback,2023,5.78,9569,Petrol,Individual,Automatic,First Owner,22.2,998.0,64.0,5.0
Suzuki Vitara Brezza,Vitara Brezza,Compact SUV,2023,7.75,19813,Petrol,Trustmark Dealer,Manual,First Owner,21.2,1477.0,102.9,5.0
Suzuki Vitara Brezza,Vitara Brezza,Compact SUV,2015,2.03,102829,Petrol,Dealer,Manual,Second Owner,20.5 kmpl,1462.0,103.9,5.0
Suzuki XL6,XL6,MUV,2016,2.46,125980,Petrol,Individual,Manual,Third Owner,21.5,1487.0,102.5,6.0
Suzuki Dzire,Dzire,Sedan,2023,6.18,16260,CNG,Trustmark Dealer,Automatic,Third Owner,32.1 kmpl,1221.0,84.1,5.0
Suzuki Baleno,Baleno,Premium Hatchback,2017,1.99,106101,Petrol,Individual,Manual,Third Owner,23.1,1195.0,85.1,5.0
Suzuki WagonR,WagonR,Hatchback,2017,2.21,61333,CNG,Dealer,Manual,First Owner,29.8,964.0,62.1,5.0
Suzuki Swift,Swift,Hatchback,2022,4.4,44969,Petrol,Individual,Automatic,First Owner,22.0,1029.0,64.5,5.0
Suzuki Baleno,Baleno,Premium Hatchback,2019,3.25,67741,Petrol,Individual,Manual,Second Owner,20.6,1211.0,88.8,5.0
Suzuki S-Presso,S-Presso,Hatchback,2023,4.24,23707,CNG,Trustmark Dealer,Automatic,First Owner,29.1,994.0,64.3,5.0
Suzuki Grand Vitara,Grand Vitara,SUV,2012,2.91,83010,Petrol,Individual,Manual,First Owner,15.2,1470.0,104.0,5.0
Suzuki Vitara Brezza,Vitara Brezza,Compact SUV,2016,3.26,86955,CNG,Individual,Automatic,First Owner,30.4,1460.0,100.6,5.0
Suzuki Celerio,Celerio,Hatchback,2016,1.84,81637,Petrol,Individual,Manual,First Owner,22.4,1010.0,62.4,5.0
Suzuki Vitara Brezza,Vitara Brezza,Compact SUV,2012,1.44,193736,Petrol,Individual,Manual,Second Owner,21.1,1460.0,99.4,5.0
Suzuki Ciaz,Ciaz,Sedan,2009,1.34,156824,Petrol,Individual,Manual,First Owner,22.5,1188.0,75.3,5.0
Suzuki Dzire,Dzire,Sedan,2017,2.64,85643,Petrol,Individual,Manual,First Owner,21.2 kmpl,1213.0,85.9,5.0
Suzuki Dzire,Dzire,Sedan,2017,2.41,92104,CNG,Individual,Manual,First Owner,32.7,1171.0,81.2,5.0
Suzuki Swift,Swift,Hatchback,2011,1.2,116729,Petrol,Individual,Manual,First Owner,20.3,991.0,63.4,5.0
Suzuki Swift,Swift,Hatchback,2014,1.88,79069,Petrol,Individual,Manual,First Owner,21.4,1001.0,63.2,5.0
Suzuki Vitara Brezza,Vitara Brezza,Compact SUV,2017,3.92,71257,Petrol,Dealer,Manual,First Owner,20.2,1471.0,103.0,5.0
Suzuki Vitara Brezza,Vitara Brezza,Compact SUV,2018,3.53,75849,Petrol,Individual,Manual,First Owner,20.8 kmpl,1471.0,98.6,5.0
Suzuki Ciaz,Ciaz,Sedan,2019,4.75,33541,Petrol,Dealer,Manual,First Owner,20.9,1184.0,81.1,5.0
Suzuki Ertiga,Ertiga,MUV,2018,3.51,43075,Petrol,Individual,Manual,Second Owner,20.1,1460.0,94.4,6.0
Suzuki Vitara Brezza,Vitara Brezza,Compact SUV,2022,5.86,24418,Petrol,Individual,Automatic,Second Owner,21.0,1467.0,103.8,5.0
Suzuki Alto K10,Alto K10,Hatchback,2023,3.25,6656,Petrol,Individual,Manual,Fourth & Above Owner,20.5,1024.0,60.3,5.0
Suzuki Jimny,Jimny,SUV,2018,6.31,48243,Petrol,Dealer,Manual,First Owner,18.6,1450.0,102.4,5.0
Suzuki Dzire,Dzire,Sedan,2013,1.47,136622,Petrol,Individual,Automatic,First Owner,22.4,1201.0,80.9,5.0
Suzuki Fronx,Fronx,Compact SUV,2022,5.38,53685,Petrol,Dealer,Automatic,First Owner,19.9,1462.0,108.3,5.0
Suzuki Fronx,Fronx,Compact SUV,2021,4.84,26548,Petrol,Dealer,Manual,Second Owner,21.0,1450.0,99.2,5.0
Suzuki Swift,Swift,Hatchback,2015,1.69,137309,Petrol,Individual,Manual,First Owner,20.9,1001.0,67.7,5.0
Suzuki Celerio,Celerio,Hatchback,2014,1.2,126570,Petrol,Individual,Manual,Third Owner,20.2,985.0,63.8,5.0
Suzuki Swift,Swift,Hatchback,2020,3.26,78818,PETROL,Individual,Manual,First Owner,20.3,1032.0,68.0,5.0
Suzuki Alto K10,Alto K10,Hatchback,2022,3.58,27924,Petrol,Individual,Manual,First Owner,21.6,1001.0,64.9,5.0
Suzuki WagonR,WagonR,Hatchback,2011,1.2,141573,Petrol,Individual,Manual,Second Owner,21.7,989.0,71.4,5.0
Suzuki Ertiga,Ertiga,MUV,2014,2.05,115688,Diesel,Individual, Manual ,First Owner,24.1,1461.0,97.5,6.0
Suzuki Ertiga,Ertiga,MUV,2023,7.91,500,Petrol,Trustmark Dealer,Manual,First Owner,21.4,1477.0,106.2,7.0
Suzuki WagonR,WagonR,Hatchback,2014,1.2,150767,Petrol,Individual,Manual,First Owner,22.3,1003.0,61.6,5.0
Suzuki WagonR,WagonR,Hatchback,2015,1.68,96284,PETROL,Individual,Automatic,Second Owner,22.3 kmpl,1010.0,66.9,5.0
Suzuki Swift,Swift,Hatchback,2022,4.84,35873,Petrol,Individual,Manual,First Owner,23.5,983.0,71.1,5.0
Suzuki Baleno,Baleno,Premium Hatchback,2011,1.2,158054,Petrol,Individual, Manual ,Second Owner,21.7,1221.0,83.7,5.0
Suzuki Swift,Swift,Hatchback,2020,3.79,46636,CNG,Individual,Automatic,First Owner,33.2,1000.0,66.1,5.0
Suzuki WagonR,WagonR,Hatchback,2021,3.29,50368,Petrol,Individual,Automatic,First Owner,20.6,1009.0,68.7,5.0
Suzuki S-Presso,S-Presso,Hatchback,2017,1.9,67911,Petrol,Dealer,Manual,First Owner,20.7,1007.0,66.7,5.0
Suzuki Vitara Brezza,Vitara Brezza,Compact SUV,2023,7.26,4481,Petrol,Individual,Manual,First Owner,,,,
Suzuki Celerio,Celerio,Hatchback,2018,1.93,115286,Petrol,Individual,Manual,First Owner,20.7,1026.0,67.8,5.0
Suzuki WagonR,WagonR,Hatchback,2022,4.44,8904,Petrol,Individual,Automatic,Third Owner,19.9,1018.0,66.0,5.0
Suzuki Baleno,Baleno,Premium Hatchback,2016,2.38,64036,Petrol,Individual,Manual,Second Owner,21.5,1177.0,83.1,5.0
Suzuki XL6,XL6,MUV,2016,2.45,139906,Petrol,Individual,Manual,Second Owner,20.1,1437.0,97.8,7.0
Suzuki Vitara Brezza,Vitara Brezza,Compact SUV,2020,4.45,70796,CNG,Individual,Automatic,Second Owner,27.8,1468.0,104.7,5.0
Suzuki Alto K10,Alto K10,Hatchback,2016,1.21,107628,Petrol,Trustmark Dealer,Manual,Second Owner,19.8,1010.0,64.3,5.0
Suzuki Swift,Swift,Hatchback,2019,3.08,67641,Petrol,Dealer,Automatic,First Owner,22.1 kmpl,992.0,67.1,5.0
Suzuki Swift,Swift,Hatchback,2020,4.57,29193,Petrol,Dealer,Automatic,Second Owner,21.9 kmpl,1020.0,67.6,5.0
Suzuki Celerio,Celerio,Hatchback,2011,1.2,177318,Petrol,Individual,Manual,First Owner,20.5,1000.0,70.6,5.0
Suzuki XL6,XL6,MUV,2015,2.93,108069,Petrol,Individual,Manual,First Owner,19.9,1472.0,100.9,7.0
Suzuki Ciaz,Ciaz,Sedan,2021,5.48,63668,Petrol,Dealer,Manual,First Owner,21.1 kmpl,1198.0,84.5,5.0
Suzuki Celerio,Celerio,Hatchback,2018,2.5,61404,CNG,Dealer,Automatic,Third Owner,31.4 kmpl,1014.0,65.2,5.0
Suzuki Baleno,Baleno,Premium Hatchback,2016,2.16,121591,Petrol,Individual,Manual,First Owner,22.3,1201.0,81.7,5.0
Suzuki Dzire,Dzire,Sedan,2015,1.75,98458,Petrol,Dealer,Manual,First Owner,20.7,1204.0,81.6,5.0
Suzuki Baleno,Baleno,Premium Hatchback,2018,3.66,64422,CNG,Individual,Automatic,First Owner,30.6,1197.0,84.4,5.0
Suzuki Vitara Brezza,Vitara Brezza,Compact SUV,2021,5.63,27208,Petrol,Individual,Manual,First Owner,,1447.0,103.8,5.0
Suzuki Swift,Swift,Hatchback,2017,2.14,77460,Petrol,Dealer,Manual,Third Owner,20.1 kmpl,985.0,60.4,5.0
Suzuki Grand Vitara,Grand Vitara,SUV,2016,3.47,97387,Petrol,Dealer,Manual,First Owner,18.0,1461.0,102.0,5.0
Suzuki Ignis,Ignis,Hatchback,2017,2.56,61042,Petrol,Dealer,Manual,First Owner,21.4,989.0,70.6,5.0
Suzuki WagonR,WagonR,Hatchback,2023,5.03,3828,CNG,Individual,Manual,Second Owner,27.8,998.0,63.4,5.0
Suzuki Baleno,Baleno,Premium Hatchback,2018,2.7,91854,Petrol,Individual,Manual,First Owner,20.0,1206.0,78.9,5.0
Suzuki Celerio,Celerio,Hatchback,2015,1.69,88269,Petrol,Individual,Manual,First Owner,21.0,1012.0,70.3,5.0
Suzuki Ertiga,Ertiga,MUV,2016,2.48,146823,Diesel,Individual,Automatic,First Owner,23.7,1457.0,98.1,6.0
Suzuki Ciaz,Ciaz,Sedan,2011,1.47,165040,Petrol,Dealer,Manual,Second Owner,19.8,1187.0,83.7,5.0
Suzuki Swift,Swift,Hatchback,2023,5.5,14164,Petrol,Individual,Automatic,First Owner,22.3,1024.0,70.0,5.0
Suzuki XL6,XL6,MUV,2012,2.32,148886,Petrol,Trustmark Dealer,Automatic,First Owner,20.6,1476.0,106.9,7.0
Suzuki Ciaz,Ciaz,Sedan,2011,1.59,149839,Petrol,Trustmark Dealer,Manual,First Owner,21.1,1199.0,84.4,5.0
Suzuki Ertiga,Ertiga,MUV,2018,4.43,64668,Petrol,Individual,Automatic,First Owner,19.4,1459.0,97.8,7.0
Suzuki Ignis,Ignis,Hatchback,2021,3.94,39055,Petrol,Individual,Manual,Second Owner,20.3,990.0,67.4,5.0
Suzuki Jimny,Jimny,SUV,2013,2.82,151330,Petrol,Individual,Manual,First Owner,15.9,1474.0,106.1,4.0
Suzuki Jimny,Jimny,SUV,2013,2.27,131134,Petrol,Individual,Manual,Second Owner,16.4,1433.0,99.0,5.0
Suzuki Fronx,Fronx,Compact SUV,2020,4.96,43167,Petrol,Dealer,Automatic,First Owner,22.1,1460.0,99.9,5.0
Suzuki Alto K10,Alto K10,Hatchback,2023,3.54,4200,CNG,Dealer,Automatic,First Owner,30.3,1026.0,66.7,5.0
Suzuki Alto K10,Alto K10,Hatchback,2016,1.35,83866,CNG,Individual,Manual,First Owner,29.9,1007.0,67.5,5.0
Suzuki Swift,Swift,Hatchback,2013,1.45,163530,Petrol,Dealer,Manual,First Owner,22.4,1009.0,71.2,5.0
Suzuki WagonR,WagonR,Hatchback,2019,2.91,50172,CNG,Individual,Manual,Second Owner,31.6,1004.0,68.2,5.0
Suzuki Jimny,Jimny,SUV,2018,6.02,60384,Petrol,Individual, Manual ,First Owner,16.6,1462.0,104.3,5.0
Suzuki Swift,Swift,Hatchback,2020,4.0,28265,Petrol,Individual,Automatic,First Owner,21.5,992.0,68.2,5.0
Suzuki Fronx,Fronx,Compact SUV,2021,4.93,30818,Petrol,Trustmark Dealer, Manual ,Second Owner,19.9,1456.0,108.1,5.0
Suzuki Ertiga,Ertiga,MUV,2011,1.34,177439,Petrol,Dealer,Manual,First Owner,22.2,1462.0,104.2,6.0
Suzuki Swift,Swift,Hatchback,2012,1.2,147884,Petrol,Individual,Manual,Second Owner,20.7,998.0,70.0,5.0
Suzuki Celerio,Celerio,Hatchback,2018,3.14,68693,Petrol,Individual,Automatic,First Owner,21.4,993.0,65.0,5.0
Suzuki Alto K10,Alto K10,Hatchback,2014,1.2,125148,Petrol,Individual,Manual,First Owner,17.6,992.0,66.9,5.0
Suzuki WagonR,WagonR,Hatchback,2019,3.0,87561,Petrol,Individual,Automatic,First Owner,20.6 kmpl,1029.0,64.5,5.0
Suzuki Dzire,Dzire,Sedan,2020,3.46,68517,Petrol,Individual,Automatic,Second Owner,19.3,1219.0,81.8,5.0
Suzuki Swift,Swift,Hatchback,2017,2.67,45958,Petrol,Individual,Manual,Second Owner,22.9,964.0,62.5,5.0
Suzuki Jimny,Jimny,SUV,2020,8.56,47015,Petrol,Dealer,Automatic,First Owner,,,,
Suzuki WagonR,WagonR,Hatchback,2021,4.01,33152,CNG,Dealer,Manual,First Owner,29.2,984.0,65.1,5.0
Suzuki Swift,Swift,Hatchback,2016,2.54,52538,Petrol,Individual, Manual ,Second Owner,21.5 kmpl,1017.0,67.8,5.0
Suzuki Swift,Swift,Hatchback,2015,1.25,150532,CNG,Individual,Manual,Third Owner,30.6,1004.0,68.2,5.0
Suzuki Swift,Swift,Hatchback,2022,4.89,20876,Petrol,Individual,Automatic,Third Owner,20.5,1003.0,61.6,5.0
Suzuki Vitara Brezza,Vitara Brezza,Compact SUV,2022,6.89,26536,Petrol,Individual,Automatic,First Owner,20.2,1469.0,102.5,5.0
Suzuki Fronx,Fronx,Compact SUV,2023,8.1,8020,Petrol,Individual,Automatic,First Owner,22.9,1438.0,100.1,5.0
Suzuki Ertiga,Ertiga,MUV,2017,4.32,53086,Diesel,Individual,Automatic,First Owner,22.6 kmpl,1445.0,104.7,7.0
Suzuki Swift,Swift,Hatchback,2015,1.64,133018,PETROL,Dealer,Manual,Second Owner,21.2,1012.0,71.5,5.0
Suzuki Swift,Swift,Hatchback,2012,1.27,129858,Petrol,Individual,Automatic,First Owner,20.4,1032.0,67.9,5.0
Suzuki Ertiga,Ertiga,MUV,2017,2.74,93512,Petrol,Individual,Manual,First Owner,17.9,1453.0,107.3,6.0
Suzuki XL6,XL6,MUV,2019,5.47,87979,Petrol,Individual,Automatic,First Owner,21.3,1452.0,101.2,6.0
Suzuki Vitara Brezza,Vitara Brezza,Compact SUV,2013,1.42,143066,Petrol,Dealer,Manual,Second Owner,22.9,1464.0,110.3,5.0
Suzuki Swift,Swift,Hatchback,2019,3.72,39982,Petrol,Individual,Automatic,First Owner,21.7,1021.0,62.6,5.0
Suzuki Vitara Brezza,Vitara Brezza,Compact SUV,2017,4.3,66247,Petrol,Individual,Automatic,First Owner,22.2,1468.0,102.6,5.0
Suzuki Celerio,Celerio,Hatchback,2011,1.2,96247,Petrol,Trustmark Dealer,Manual,First Owner,20.5 kmpl,988.0,67.6,5.0
Suzuki Baleno,Baleno,Premium Hatchback,2013,1.2,126986,CNG,Individual,Manual,Third Owner,29.2,1187.0,82.9,5.0
Suzuki Fronx,Fronx,Compact SUV,2020,5.69,50654,CNG,Individual,Automatic,First Owner,29.7,1458.0,107.6,5.0
Suzuki Baleno,Baleno,Premium Hatchback,2012,1.38,101730,Petrol,Trustmark Dealer,Manual,First Owner,21.5,1201.0,81.6,5.0
Suzuki Celerio,Celerio,Hatchback,2019,2.43,73872,CNG,Dealer,Manual,Second Owner,33.7,995.0,64.8,5.0
Suzuki WagonR,WagonR,Hatchback,2015,1.62,97269,Petrol,Individual,Manual,First Owner,22.2,1001.0,68.7,5.0
Suzuki Celerio,Celerio,Hatchback,2011,1.2,178431,CNG,Individual,Manual,First Owner,,997.0,62.0,5.0
Suzuki Jimny,Jimny,SUV,2017,6.84,39860,Petrol,Dealer,Automatic,First Owner,14.9,1472.0,101.3,4.0
Suzuki Baleno,Baleno,Premium Hatchback,2017,2.75,67880,Petrol,Individual,Manual,First Owner,22.2,1212.0,84.3,5.0
Suzuki Swift,Swift,Hatchback,2015,1.47,137238,CNG,Individual,Manual,Second Owner,31.3,1004.0,65.4,5.0
Suzuki Vitara Brezza,Vitara Brezza,Compact SUV,2023,6.17,21895,Petrol,Dealer,Manual,Third Owner,20.1,1474.0,100.6,5.0
Suzuki Swift,Swift,Hatchback,2017,2.15,119499,CNG,Individual,Manual,First Owner,30.1 kmpl,998.0,59.6,5.0
Suzuki Fronx,Fronx,Compact SUV,2016,2.37,102966,Petrol,Dealer,Manual,First Owner,20.4,1456.0,102.4,5.0
Suzuki Dzire,Dzire,Sedan,2016,1.47,137405,Petrol,Individual,Automatic,Second Owner,21.3,1211.0,80.9,5.0
Suzuki Ciaz,Ciaz,Sedan,2011,1.94,90845,Petrol,Individual,Automatic,Second Owner,20.7 kmpl,1181.0,80.7,5.0
Suzuki Vitara Brezza,Vitara Brezza,Compact SUV,2021,5.65,36265,Petrol,Individual,Manual,First Owner,20.8,1457.0,105.7,5.0
Suzuki Baleno,Baleno,Premium Hatchback,2014,1.44,180663,Petrol,Dealer,Manual,Second Owner,22.9,1202.0,82.6,5.0
Suzuki Swift,Swift,Hatchback,2023,4.8,11475,Petrol,Individual,Automatic,Fourth & Above Owner,20.0,996.0,67.6,5.0
Suzuki XL6,XL6,MUV,2009,1.4,164180,Diesel,Individual,Manual,First Owner,24.8,1461.0,97.7,7.0
Suzuki WagonR,WagonR,Hatchback,2016,2.3,73813,Petrol,Individual,Automatic,First Owner,22.0,998.0,63.8,5.0
Suzuki Baleno,Baleno,Premium Hatchback,2016,2.74,78343,Petrol,Dealer,Manual,First Owner,25.6,1188.0,75.8,5.0
Suzuki Celerio,Celerio,Hatchback,2023,5.55,8256,Petrol,Trustmark Dealer,Manual,First Owner,20.0,992.0,67.3,5.0
Suzuki Alto K10,Alto K10,Hatchback,2021,2.63,41689,PETROL,Individual,Manual,First Owner,20.0,995.0,64.2,5.0
Suzuki Celerio,Celerio,Hatchback,2016,1.9,105360,CNG,Individual,Manual,First Owner,29.9 kmpl,1018.0,65.7,5.0
Suzuki Vitara Brezza,Vitara Brezza,Compact SUV,2018,3.25,94175,Petrol,Individual,Automatic,First Owner,21.0,1467.0,104.6,5.0
Suzuki Alto K10,Alto K10,Hatchback,2023,4.2,6961,Petrol,Individual,Automatic,First Owner,21.0,996.0,65.7,5.0
Suzuki Dzire,Dzire,Sedan,2022,4.77,42692,CNG,Dealer,Manual,First Owner,30.8,1215.0,78.5,5.0
Suzuki Jimny,Jimny,SUV,2015,4.04,108104,Petrol,Dealer,Manual,First Owner,16.3,1475.0,97.6,4.0
Suzuki WagonR,WagonR,Hatchback,2018,2.21,69327,CNG,Dealer,Manual,Second Owner,29.6,998.0,65.2,5.0
Suzuki Dzire,Dzire,Sedan,2017,1.91,123419,Petrol,Individual,Manual,Second Owner,20.5,1192.0,77.0,5.0
Suzuki Grand Vitara,Grand Vitara,SUV,2013,2.22,161782,Petrol,Individual,Manual,First Owner,18.5,1460.0,102.5,5.0
Suzuki Vitara Brezza,Vitara Brezza,Compact SUV,2015,2.88,90523,Petrol,Individual,Automatic,First Owner,19.4,1473.0,101.2,5.0
Suzuki Dzire,Dzire,Sedan,2016,2.36,87611,Petrol,Dealer,Manual,First Owner,21.8,1227.0,82.5,5.0
Suzuki Ciaz,Ciaz,Sedan,2023,7.15,22748,Petrol,Individual,Manual,Second Owner,22.0,1211.0,81.2,5.0
Suzuki Baleno,Baleno,Premium Hatchback,2013,1.4,158112,Petrol,Individual,Manual,Second Owner,22.6,1197.0,78.0,5.0
Suzuki S-Presso,S-Presso,Hatchback,2017,1.76,89585,CNG,Dealer,Manual,Second Owner,28.5,992.0,67.6,5.0
Suzuki WagonR,WagonR,Hatchback,2016,2.11,103801,Petrol,Individual,Automatic,Second Owner,22.6,988.0,62.5,5.0
Suzuki Dzire,Dzire,Sedan,2019,4.19,35975,Petrol,Individual,Manual,First Owner,19.1,1203.0,83.6,5.0
Suzuki Vitara Brezza,Vitara Brezza,Compact SUV,2015,3.24,35167,Petrol,Individual,Automatic,First Owner,18.4,1443.0,102.3,5.0
Suzuki Swift,Swift,Hatchback,2018,2.95,65307,Petrol,Dealer,Manual,First Owner,21.4,993.0,67.4,5.0
Suzuki Vitara Brezza,Vitara Brezza,Compact SUV,2012,1.64,153289,CNG,Individual,Manual,First Owner,30.3,1452.0,102.6,5.0
Suzuki Baleno,Baleno,Premium Hatchback,2018,2.65,75131,Petrol,Individual,Manual,Second Owner,23.7,1195.0,81.9,5.0
Suzuki Ertiga,Ertiga,MUV,2023,6.87,13718,Petrol,Dealer,Manual,Second Owner,19.2,1453.0,101.2,7.0
Suzuki Alto K10,Alto K10,Hatchback,2017,1.58,95552,Petrol,Individual,Manual,First Owner,20.3,991.0,66.4,5.0
Suzuki Fronx,Fronx,Compact SUV,2018,3.53,69959,Petrol,Trustmark Dealer,Manual,First Owner,19.2,1461.0,107.4,5.0
Suzuki Fronx,Fronx,Compact SUV,2020,4.26,75158,Petrol,Individual, Automatic ,Third Owner,17.6,1454.0,103.1,5.0
Suzuki Swift,Swift,Hatchback,2020,3.75,34784,Petrol,Individual,Manual,First Owner,19.2,980.0,63.1,5.0
Suzuki Ertiga,Ertiga,MUV,2013,0.01,139364,Petrol,Dealer,Automatic,First Owner,20.7,1466.0,101.1,7.0
Suzuki Alto K10,Alto K10,Hatchback,2021,2.71,34022,Petrol,Individual,Manual,Second Owner,20.2,994.0,71.2,5.0
Suzuki Ciaz,Ciaz,Sedan,2020,6.05,64353,CNG,Individual,Automatic,First Owner,29.7,1192.0,84.2,5.0
Suzuki Swift,Swift,Hatchback,2018,3.15,71742,PETROL,Dealer,Automatic,First Owner,20.6 kmpl,991.0,70.3,5.0
Suzuki Alto K10,Alto K10,Hatchback,2013,1.2,131520,CNG,Dealer,Manual,Second Owner,33.8,1016.0,71.3,5.0
Suzuki Jimny,Jimny,SUV,2017,4.5,97286,Petrol,Dealer,Automatic,First Owner,14.1,1451.0,97.0,5.0
Suzuki WagonR,WagonR,Hatchback,2015,1.68,96438,Petrol,Dealer,Manual,First Owner,23.1,1003.0,70.0,5.0
Suzuki Ertiga,Ertiga,MUV,2016,2.9,91539,Petrol,Dealer,Manual,First Owner,20.1,1466.0,106.1,6.0
Suzuki Baleno,Baleno,Premium Hatchback,2017,2.38,104740,Petrol,Dealer,Manual,First Owner,23.4,1180.0,78.1,5.0
Suzuki Baleno,Baleno,Premium Hatchback,2020,3.73,49944,Petrol,Individual,Manual,First Owner,22.4,1216.0,85.7,5.0
Suzuki Ciaz,Ciaz,Sedan,2015,2.24,76507,Petrol,Dealer,Manual,Fourth & Above Owner,21.9,1182.0,79.2,5.0
Suzuki Ertiga,Ertiga,MUV,2019,5.27,29479,Petrol,Individual,Manual,First Owner,20.1,1448.0,102.7,7.0
Suzuki Baleno,Baleno,Premium Hatchback,2020,4.28,41088,Petrol,Individual,Manual,First Owner,22.0,1200.0,79.7,5.0
Suzuki WagonR,WagonR,Hatchback,2015,1.31,128605,CNG,Individual,Manual,First Owner,28.7,997.0,72.2,5.0
Suzuki Ertiga,Ertiga,MUV,2023,7.82,4197,Petrol,Individual,Manual,First Owner,19.4,1473.0,98.0,6.0
Suzuki WagonR,WagonR,Hatchback,2022,4.15,28145,CNG,Individual,Manual,First Owner,32.0,1000.0,71.5,5.0
Suzuki Swift,Swift,Hatchback,2020,3.73,49392,CNG,Individual,Manual,First Owner,30.5 kmpl,983.0,72.6,5.0
Suzuki Ignis,Ignis,Hatchback,2017,2.8,51115,Petrol,Individual,Manual,First Owner,19.8,1019.0,66.6,5.0
Suzuki Baleno,Baleno,Premium Hatchback,2019,3.81,61574,Petrol,Dealer,Manual,First Owner,21.1,1197.0,82.6,5.0
Suzuki Swift,Swift,Hatchback,2023,6.0,11095,Petrol,Individual,Manual,First Owner,22.5,1018.0,67.0,5.0
Suzuki Dzire,Dzire,Sedan,2016,2.08,98921,Petrol,Dealer,Manual,First Owner,22.6,1182.0,74.8,5.0
Suzuki Alto K10,Alto K10,Hatchback,2012,1.2,221392,Petrol,Individual, Automatic ,First Owner,19.7,1040.0,65.5,5.0
Suzuki Vitara Brezza,Vitara Brezza,Compact SUV,2021,6.32,30746,Petrol,Individual,Automatic,First Owner,21.7,1460.0,99.1,5.0
Suzuki Ignis,Ignis,Hatchback,2020,3.39,38200,Petrol,Trustmark Dealer,Manual,First Owner,21.6,1023.0,61.3,5.0
Suzuki Grand Vitara,Grand Vitara,SUV,2020,6.53,53362,Petrol,Individual,Automatic,Second Owner,16.4 kmpl,1463.0,103.7,5.0
Suzuki S-Presso,S-Presso,Hatchback,2016,1.2,147600,Petrol,Dealer,Manual,Second Owner,21.7,996.0,65.5,5.0
Suzuki Swift,Swift,Hatchback,2015,1.96,91828,Petrol,Individual,Automatic,First Owner,23.4 kmpl,982.0,69.1,5.0
Suzuki Alto K10,Alto K10,Hatchback,2015,1.41,92922,Petrol,Individual,Automatic,First Owner,19.4 kmpl,987.0,65.2,5.0
Suzuki Alto K10,Alto K10,Hatchback,2022,3.61,20343,CNG,Dealer,Automatic,First Owner,31.6,985.0,70.9,5.0
Suzuki Swift,Swift,Hatchback,2020,4.0,43825,CNG,Individual,Manual,First Owner,33.0,1008.0,63.4,5.0
Suzuki Jimny,Jimny,SUV,2023,11.9,12473,Petrol,Dealer,Manual,First Owner,16.0,1465.0,103.6,4.0
Suzuki Baleno,Baleno,Premium Hatchback,2012,2.07,50333,Petrol,Dealer,Manual,First Owner,21.8,1188.0,83.2,5.0
Suzuki Celerio,Celerio,Hatchback,2019,2.65,50984,Petrol,Individual,Manual,Third Owner,21.9,995.0,68.3,5.0
Suzuki Baleno,Baleno,Premium Hatchback,2017,2.43,78302,Petrol,Individual,Automatic,Third Owner,,1205.0,80.1,
Suzuki Grand Vitara,Grand Vitara,SUV,2010,1.2,148122,PETROL,Individual,Manual,Fourth & Above Owner,16.0 kmpl,1465.0,101.9,5.0
Suzuki Baleno,Baleno,Premium Hatchback,2013,1.49,133091,Petrol,Dealer,Manual,First Owner,22.1,1204.0,86.9,5.0
Suzuki Vitara Brezza,Vitara Brezza,Compact SUV,2013,2.33,95037,Petrol,Individual,Automatic,First Owner,19.1,1468.0,106.4,5.0
Suzuki WagonR,WagonR,Hatchback,2013,1.2,132308,CNG,Individual,Automatic,First Owner,31.2,993.0,74.5,5.0
Suzuki Alto K10,Alto K10,Hatchback,2015,1.29,97805,Petrol,Individual,Automatic,First Owner,22.2,1004.0,62.2,5.0
Suzuki Swift,Swift,Hatchback,2008,1.2,127552,Petrol,Individual,Automatic,Third Owner,21.7,993.0,71.6,5.0
Suzuki Swift,Swift,Hatchback,2014,1.34,145182,Petrol,Individual,Manual,Second Owner,20.2,1001.0,68.8,5.0
Suzuki Alto K10,Alto K10,Hatchback,2013,1.2,169839,Petrol,Individual, Automatic ,First Owner,21.3,1015.0,71.2,5.0
Suzuki Dzire,Dzire,Sedan,2018,2.41,86781,CNG,Individual, Automatic ,Second Owner,30.8,1184.0,81.0,5.0
Suzuki Vitara Brezza,Vitara Brezza,Compact SUV,2023,7.86,500,Petrol,Trustmark Dealer, Automatic ,First Owner,20.1,1454.0,105.1,5.0
Suzuki Baleno,Baleno,Premium Hatchback,2019,3.44,53724,CNG,Trustmark Dealer,Manual,Second Owner,31.6,1173.0,81.9,5.0
Suzuki Celerio,Celerio,Hatchback,2017,2.82,57152,Petrol,Dealer,Automatic,First Owner,,991.0,68.1,
Suzuki Alto K10,Alto K10,Hatchback,2017,1.39,101004,CNG,Individual,Manual,Third Owner,32.2,1018.0,65.2,5.0
Suzuki Baleno,Baleno,Premium Hatchback,2016,2.0,96250,PETROL,Dealer,Manual,Second Owner,22.1,1189.0,80.6,5.0
Suzuki Swift,Swift,Hatchback,2018,2.49,58615,Petrol,Dealer,Manual,Third Owner,20.5,982.0,68.3,5.0
Suzuki WagonR,WagonR,Hatchback,2014,1.27,150588,Petrol,Dealer,Manual,First Owner,21.0,989.0,70.1,5.0
Suzuki Alto K10,Alto K10,Hatchback,2015,1.45,85105,CNG,Individual,Automatic,First Owner,31.2,1012.0,66.8,5.0
Suzuki Dzire,Dzire,Sedan,2018,3.09,82777,Petrol,Individual,Manual,First Owner,21.1,1238.0,84.5,5.0
Suzuki Baleno,Baleno,Premium Hatchback,2018,2.27,101820,Petrol,Individual,Automatic,Third Owner,21.0 kmpl,1174.0,75.9,5.0
Suzuki Swift,Swift,Hatchback,2020,3.73,14058,Petrol,Individual, Manual ,Second Owner,22.0 kmpl,996.0,65.9,5.0
Suzuki XL6,XL6,MUV,2023,10.55,17428,Petrol,Individual,Automatic,First Owner,20.0,1478.0,101.3,6.0
Suzuki Alto K10,Alto K10,Hatchback,2020,2.72,55575,Petrol,Trustmark Dealer,Automatic,First Owner,21.6 kmpl,990.0,70.4,5.0
Suzuki Ignis,Ignis,Hatchback,2016,2.23,51024,Petrol,Dealer,Manual,First Owner,22.1,1009.0,66.2,5.0
Suzuki Dzire,Dzire,Sedan,2017,2.46,74100,CNG,Dealer,Automatic,Third Owner,31.5,1187.0,89.4,5.0
Suzuki Baleno,Baleno,Premium Hatchback,2019,3.42,74953,Petrol,Dealer,Manual,First Owner,23.5,1219.0,86.1,5.0
Suzuki Jimny,Jimny,SUV,2013,2.87,102393,Petrol,Trustmark Dealer,Automatic,Second Owner,18.6 kmpl,1475.0,101.7,5.0
Suzuki Swift,Swift,Hatchback,2015,1.63,101163,CNG,Dealer,Manual,First Owner,30.5 kmpl,1005.0,74.6,5.0
Suzuki Fronx,Fronx,Compact SUV,2021,7.1,7318,PETROL,Trustmark Dealer,Manual,First Owner,20.3,1453.0,97.1,5.0
Suzuki Vitara Brezza,Vitara Brezza,Compact SUV,2023,8.06,6352,Petrol,Dealer,Manual,First Owner,20.2,1465.0,101.5,5.0
Suzuki Ertiga,Ertiga,MUV,2021,5.41,39459,Petrol,Individual,Manual,Third Owner,20.0,1451.0,103.3,7.0
Suzuki Swift,Swift,Hatchback,2014,1.45,68448,Petrol,Trustmark Dealer,Manual,Fourth & Above Owner,23.1,1009.0,72.6,5.0
Suzuki Celerio,Celerio,Hatchback,2021,4.56,4065,Petrol,Dealer,Automatic,First Owner,21.9,1005.0,64.9,5.0
Suzuki Jimny,Jimny,SUV,2020,8.36,33587,PETROL,Individual,Automatic,First Owner,17.7,1462.0,97.7,4.0
Suzuki Fronx,Fronx,Compact SUV,2020,4.51,52000,Petrol,Trustmark Dealer, Automatic ,Second Owner,22.1,1450.0,109.7,5.0
Suzuki WagonR,WagonR,Hatchback,2009,1.2,126166,Petrol,Individual,Manual,First Owner,19.7,998.0,72.7,5.0
Suzuki Ciaz,Ciaz,Sedan,2015,2.74,82845,Petrol,Individual,Manual,Third Owner,21.5,1164.0,80.1,5.0
Suzuki Ertiga,Ertiga,MUV,2017,3.31,81309,Petrol,Individual,Automatic,Second Owner,22.2,1486.0,106.8,6.0
Suzuki Baleno,Baleno,Premium Hatchback,2017,2.33,95545,CNG,Individual,Manual,First Owner,32.8,1199.0,77.5,5.0
Suzuki Dzire,Dzire,Sedan,2010,1.27,92746,CNG,Individual,Automatic,Second Owner,31.8,1195.0,75.6,5.0
Suzuki WagonR,WagonR,Hatchback,2014,1.6,97106,Petrol,Dealer,Manual,First Owner,,,,
Suzuki Alto K10,Alto K10,Hatchback,2015,1.2,116876,CNG,Trustmark Dealer,Manual,First Owner,31.5,984.0,69.9,5.0
Suzuki WagonR,WagonR,Hatchback,2016,1.56,130276,Petrol,Trustmark Dealer,Manual,Second Owner,21.6,999.0,63.6,5.0
Suzuki Baleno,Baleno,Premium Hatchback,2018,2.96,70692,Petrol,Trustmark Dealer,Manual,Second Owner,22.6,1184.0,83.1,5.0
Suzuki Swift,Swift,Hatchback,2023,5.31,28819,Petrol,Individual,Manual,First Owner,21.5,1010.0,70.9,5.0
Suzuki Fronx,Fronx,Compact SUV,2018,3.04,84832,Petrol,Dealer, Manual ,First Owner,21.1,1467.0,104.3,5.0
Suzuki Vitara Brezza,Vitara Brezza,Compact SUV,2014,1.92,188303,Petrol,Individual,Manual,First Owner,21.8,1475.0,99.3,5.0
Suzuki Ertiga,Ertiga,MUV,2011,1.44,243370,Petrol,Dealer,Manual,First Owner,19.5,1462.0,105.4,7.0
Suzuki Swift,Swift,Hatchback,2015,1.83,69746,Petrol,Individual,Manual,Third Owner,22.2,997.0,68.9,5.0
Suzuki Dzire,Dzire,Sedan,2015,1.47,142346,Petrol,Individual,Manual,Third Owner,19.8,1195.0,82.3,5.0
Suzuki Vitara Brezza,Vitara Brezza,Compact SUV,2018,4.12,62373,Petrol,Individual,Manual,First Owner,20.0,1460.0,102.4,5.0
Suzuki WagonR,WagonR,Hatchback,2018,3.09,37007,Petrol,Trustmark Dealer,Automatic,First Owner,22.8,1008.0,64.3,5.0
Suzuki Vitara Brezza,Vitara Brezza,Compact SUV,2023,6.39,19113,Petrol,Individual,Manual,Third Owner,18.2,1477.0,101.4,5.0
Suzuki Swift,Swift,Hatchback,2014,1.3,144630,Petrol,Trustmark Dealer,Manual,First Owner,20.0,1003.0,67.3,5.0
Suzuki Baleno,Baleno,Premium Hatchback,2011,1.2,147698,CNG,Dealer,Manual,First Owner,30.8,1186.0,81.4,5.0
Suzuki Fronx,Fronx,Compact SUV,2008,1.2,111370,Petrol,Dealer,Manual,Second Owner,22.0,1468.0,105.3,5.0
Suzuki Baleno,Baleno,Premium Hatchback,2020,3.44,39089,Petrol,Dealer,Manual,Third Owner,21.8,1195.0,80.8,5.0
Suzuki Swift,Swift,Hatchback,2015,1.4,150737,CNG,Individual,Manual,First Owner,30.2,988.0,66.0,5.0
Suzuki WagonR,WagonR,Hatchback,2021,3.22,38169,Petrol,Individual,Manual,Third Owner,,991.0,63.7,5.0
Suzuki Swift,Swift,Hatchback,2016,1.55,151341,Petrol,Dealer,Manual,Second Owner,21.7 kmpl,1007.0,66.0,5.0
Suzuki Ertiga,Ertiga,MUV,2016,2.73,78576,Petrol,Individual,Manual,First Owner,20.2,1496.0,102.9,7.0
Suzuki Ignis,Ignis,Hatchback,2020,3.23,65594,CNG,Dealer,Automatic,First Owner,28.9,991.0,68.2,5.0
Suzuki Grand Vitara,Grand Vitara,SUV,2016,2.98,114853,Petrol,Dealer,Automatic,Second Owner,15.7,1460.0,103.3,5.0
Suzuki Celerio,Celerio,Hatchback,2023,6.23,3606,CNG,Individual,Automatic,First Owner,31.7,972.0,63.9,5.0
Suzuki Fronx,Fronx,Compact SUV,2011,1.27,184067,Petrol,Dealer,Manual,Second Owner,20.3,1467.0,106.7,5.0
Suzuki Vitara Brezza,Vitara Brezza,Compact SUV,2015,2.48,102267,Petrol,Trustmark Dealer,Manual,First Owner,21.1,1464.0,98.2,5.0
Suzuki Swift,Swift,Hatchback,2013,1.23,124517,CNG,Individual,Manual,First Owner,29.8 kmpl,990.0,70.1,5.0
Suzuki Ertiga,Ertiga,MUV,2011,1.39,104299,Petrol,Individual,Manual,First Owner,17.8 kmpl,1478.0,105.4,7.0
Suzuki Swift,Swift,Hatchback,2022,5.5,7573,Petrol,Individual,Automatic,First Owner,20.9,992.0,68.8,5.0
Suzuki Vitara Brezza,Vitara Brezza,Compact SUV,2014,2.48,88014,Petrol,Individual,Manual,First Owner,20.7,1462.0,96.2,5.0
Suzuki Jimny,Jimny,SUV,2012,2.26,148169,Petrol,Individual,Automatic,First Owner,16.9,1456.0,103.2,5.0
Suzuki XL6,XL6,MUV,2017,4.17,100094,Petrol,Dealer, Manual ,Second Owner,21.1,1490.0,101.1,7.0
Suzuki Celerio,Celerio,Hatchback,2011,1.2,148534,CNG,Dealer,Automatic,First Owner,30.9,1000.0,68.6,5.0
Suzuki Grand Vitara,Grand Vitara,SUV,2019,6.76,32713,Petrol,Individual,Manual,First Owner,15.2 kmpl,1460.0,100.8,5.0
Suzuki Alto K10,Alto K10,Hatchback,2017,1.7,79438,Petrol,Individual,Manual,First Owner,21.8,998.0,69.1,5.0
Suzuki S-Presso,S-Presso,Hatchback,2019,2.28,61804,Petrol,Individual,Manual,First Owner,19.8,991.0,66.7,5.0
Suzuki XL6,XL6,MUV,2022,9.33,9894,Petrol,Dealer,Automatic,First Owner,18.2,1446.0,102.4,7.0
Suzuki WagonR,WagonR,Hatchback,2019,2.51,49983,Petrol,Individual,Manual,Second Owner,,,,
Suzuki Grand Vitara,Grand Vitara,SUV,2023,10.08,12329,Petrol,Individual,Manual,First Owner,14.9,1461.0,99.5,5.0
Suzuki Ciaz,Ciaz,Sedan,2021,6.1,33863,Petrol,Dealer,Automatic,First Owner,20.8 kmpl,1214.0,84.3,5.0
Suzuki Fronx,Fronx,Compact SUV,2013,1.48,123213,Petrol,Individual,Automatic,Second Owner,19.7,1462.0,102.7,5.0
Suzuki S-Presso,S-Presso,Hatchback,2016,1.36,85443,CNG,Individual,Manual,Second Owner,33.5,981.0,64.5,5.0
Suzuki Ertiga,Ertiga,MUV,2023,7.93,4790,Petrol,Individual,Manual,Second Owner,19.3,1465.0,107.8,6.0
Suzuki Ciaz,Ciaz,Sedan,2019,4.76,62866,Petrol,Individual,Manual,First Owner,21.1,1222.0,78.0,5.0
Suzuki S-Presso,S-Presso,Hatchback,2012,1.2,88424,Petrol,Individual,Manual,First Owner,20.6,997.0,68.1,5.0
Suzuki Vitara Brezza,Vitara Brezza,Compact SUV,2014,1.73,106620,Petrol,Individual,Manual,Second Owner,20.5,1461.0,103.0,5.0
Suzuki Ertiga,Ertiga,MUV,2016,2.82,87408,Petrol,Individual,Manual,First Owner,21.5,1451.0,104.9,7.0
Suzuki Swift,Swift,Hatchback,2013,1.34,99517,Petrol,Dealer,Manual,First Owner,22.5,1002.0,69.2,5.0
Suzuki Swift,Swift,Hatchback,2020,3.42,24044,CNG,Individual,Automatic,Second Owner,30.7,975.0,65.4,5.0
Suzuki Alto K10,Alto K10,Hatchback,2023,3.97,11221,Petrol,Trustmark Dealer,Manual,First Owner,19.9,1001.0,63.6,5.0
Suzuki Celerio,Celerio,Hatchback,2016,1.91,109672,CNG,Trustmark Dealer,Manual,First Owner,31.6,1027.0,72.9,5.0
Suzuki WagonR,WagonR,Hatchback,2011,1.2,110396,Petrol,Individual,Manual,Third Owner,21.2,1014.0,65.7,5.0
Suzuki Ignis,Ignis,Hatchback,2020,3.66,43794,Petrol,Individual,Manual,First Owner,23.7,999.0,60.0,5.0
Suzuki Alto K10,Alto K10,Hatchback,2023,3.27,30944,Petrol,Dealer,Manual,First Owner,22.5,993.0,70.7,5.0
Suzuki S-Presso,S-Presso,Hatchback,2015,1.35,83773,CNG,Individual,Automatic,Second Owner,32.9,970.0,64.6,5.0
Suzuki Dzire,Dzire,Sedan,2017,2.42,104755,Petrol,Trustmark Dealer,Manual,First Owner,20.5,1204.0,79.6,5.0
Suzuki Dzire,Dzire,Sedan,2015,1.47,142346,Petrol,Individual,Manual,Third Owner,19.8,1195.0,82.3,5.0
Suzuki Celerio,Celerio,Hatchback,2013,1.28,126721,Petrol,Individual,Manual,Second Owner,,,,
Suzuki Swift,Swift,Hatchback,2018,2.56,76447,CNG,Individual,Manual,Second Owner,30.4,1014.0,74.6,5.0
Suzuki Ciaz,Ciaz,Sedan,2020,5.46,40660,Petrol,Individual,Automatic,Second Owner,21.2,1197.0,82.8,5.0
Suzuki Fronx,Fronx,Compact SUV,2014,1.63,138688,Petrol,Individual, Automatic ,Second Owner,20.3,1471.0,99.0,5.0
Suzuki WagonR,WagonR,Hatchback,2014,1.2,147489,Petrol,Individual,Manual,Second Owner,23.8,993.0,68.6,5.0
Suzuki Ciaz,Ciaz,Sedan,2012,1.73,215236,Petrol,Dealer,Manual,Second Owner,23.3,1187.0,74.9,5.0
Suzuki Baleno,Baleno,Premium Hatchback,2016,2.34,74421,Petrol,Individual,Automatic,Second Owner,,,,
Suzuki WagonR,WagonR,Hatchback,2019,2.63,74954,Petrol,Individual,Manual,First Owner,,992.0,63.6,
Suzuki WagonR,WagonR,Hatchback,2022,3.84,37273,Petrol,Individual,Manual,First Owner,21.5,968.0,69.5,5.0
Suzuki S-Presso,S-Presso,Hatchback,2017,1.52,124146,Petrol,Individual,Automatic,First Owner,24.7 kmpl,991.0,70.0,5.0
Suzuki WagonR,WagonR,Hatchback,2020,3.42,43553,Petrol,Individual,Manual,First Owner,22.0,1012.0,64.4,5.0
Suzuki Dzire,Dzire,Sedan,2019,3.88,37029,Petrol,Individual,Manual,Second Owner,20.4,1197.0,86.3,5.0
Suzuki Celerio,Celerio,Hatchback,2016,1.73,133035,Petrol,Trustmark Dealer,Automatic,First Owner,22.2,985.0,67.1,5.0
Suzuki Baleno,Baleno,Premium Hatchback,2019,3.09,62019,Petrol,Individual,Manual,Second Owner,25.6,1219.0,86.0,5.0
Suzuki Celerio,Celerio,Hatchback,2019,3.03,43135,CNG,Individual,Manual,First Owner,32.0,984.0,68.6,5.0
Suzuki Ciaz,Ciaz,Sedan,2023,9.1,17890,Petrol,Individual,Manual,First Owner,23.2,1194.0,82.1,5.0
Suzuki Fronx,Fronx,Compact SUV,2018,2.71,57248,Petrol,Individual,Automatic,Fourth & Above Owner,22.0,1458.0,103.8,5.0
Suzuki Celerio,Celerio,Hatchback,2012,1.2,136603,CNG,Individual,Manual,First Owner,30.2,1015.0,61.8,5.0
Suzuki WagonR,WagonR,Hatchback,2018,2.57,38564,CNG,Dealer,Automatic,First Owner,29.6,1015.0,67.1,5.0
Suzuki Ciaz,Ciaz,Sedan,2016,2.55,104137,Petrol,Dealer,Manual,Second Owner,19.9,1202.0,79.8,5.0
Suzuki Alto K10,Alto K10,Hatchback,2011,1.2,166040,Petrol,Individual, Manual ,First Owner,23.5 kmpl,1003.0,65.7,5.0
Suzuki S-Presso,S-Presso,Hatchback,2022,3.75,21441,Petrol,Individual,Manual,First Owner,20.1,993.0,68.7,5.0
Suzuki Ertiga,Ertiga,MUV,2020,5.31,70235,Petrol,Dealer,Automatic,First Owner,19.8,1463.0,103.3,7.0
Suzuki Swift,Swift,Hatchback,2019,3.7,21157,Petrol,Dealer,Manual,First Owner,20.7,1000.0,60.9,5.0
Suzuki WagonR,WagonR,Hatchback,2020,3.27,27760,Petrol,Trustmark Dealer,Manual,Second Owner,22.3,974.0,67.9,5.0
Suzuki Celerio,Celerio,Hatchback,2018,2.33,47749,PETROL,Individual,Manual,First Owner,21.0,1001.0,70.1,5.0
Suzuki S-Presso,S-Presso,Hatchback,2014,1.2,118066,CNG,Individual,Manual,First Owner,31.7,991.0,65.7,5.0
Suzuki Celerio,Celerio,Hatchback,2011,1.2,205533,Petrol,Dealer,Manual,First Owner,21.5,990.0,67.4,5.0
Suzuki Baleno,Baleno,Premium Hatchback,2023,5.84,8941,Petrol,Dealer,Manual,First Owner,22.9,1212.0,80.3,5.0
Suzuki Ignis,Ignis,Hatchback,2008,1.2,140213,Petrol,Dealer,Manual,First Owner,19.8 kmpl,1001.0,67.2,5.0
Suzuki Swift,Swift,Hatchback,2016,1.88,98159,Petrol,Individual,Automatic,Third Owner,20.8,981.0,70.6,5.0
Suzuki Alto K10,Alto K10,Hatchback,2013,1.2,130579,CNG,Individual,Manual,First Owner,27.7,1005.0,66.2,5.0
Suzuki WagonR,WagonR,Hatchback,2018,2.66,58030,Petrol,Dealer,Manual,First Owner,21.4,1013.0,70.2,5.0
Suzuki Ertiga,Ertiga,MUV,2018,3.75,84813,Petrol,Dealer,Manual,First Owner,20.0,1455.0,100.5,6.0
Suzuki Vitara Brezza,Vitara Brezza,Compact SUV,2018,3.8,54991,Petrol,Individual,Manual,Second Owner,19.4,1462.0,98.9,5.0
Suzuki Dzire,Dzire,Sedan,2019,3.66,40531,Petrol,Individual,Manual,First Owner,20.1,1195.0,87.7,5.0
Suzuki Ciaz,Ciaz,Sedan,2017,3.15,106998,Petrol,Individual,Automatic,Second Owner,20.8 kmpl,1203.0,77.1,5.0
Suzuki Swift,Swift,Hatchback,2019,3.24,56480,Petrol,Individual,Manual,First Owner,21.1,988.0,67.2,5.0
Suzuki Baleno,Baleno,Premium Hatchback,2022,5.64,23946,Petrol,Individual,Automatic,Second Owner,,,,
Suzuki Fronx,Fronx,Compact SUV,2014,2.43,58180,Petrol,Individual,Manual,First Owner,21.8,1464.0,102.5,5.0
Suzuki Grand Vitara,Grand Vitara,SUV,2016,3.79,96052,Petrol,Dealer,Manual,First Owner,19.8 kmpl,1475.0,99.8,5.0
Suzuki Dzire,Dzire,Sedan,2013,2.07,71417,CNG,Dealer,Manual,First Owner,28.7,1197.0,81.1,5.0
Suzuki Ertiga,Ertiga,MUV,2020,5.42,61158,Petrol,Trustmark Dealer,Automatic,Second Owner,20.1,1464.0,103.8,7.0
Suzuki Baleno,Baleno,Premium Hatchback,2014,1.49,122208,Petrol,Dealer,Manual,Third Owner,22.1 kmpl,1197.0,82.5,5.0
Suzuki Alto K10,Alto K10,Hatchback,2013,1.2,103237,CNG,Trustmark Dealer,Manual,Second Owner,29.9,971.0,64.7,5.0
Suzuki Baleno,Baleno,Premium Hatchback,2019,3.28,88873,Petrol,Individual,Manual,First Owner,21.9,1185.0,79.5,5.0
Suzuki Ciaz,Ciaz,Sedan,2014,1.95,121850,Petrol,Dealer, Manual ,Second Owner,19.4,1187.0,82.9,5.0
Suzuki Ciaz,Ciaz,Sedan,2017,3.86,75258,Petrol,Individual,Manual,First Owner,23.1,1189.0,81.5,5.0
Suzuki Grand Vitara,Grand Vitara,SUV,2023,10.04,4520,Petrol,Individual,Manual,First Owner,15.7,1469.0,109.1,5.0
Suzuki Grand Vitara,Grand Vitara,SUV,2018,5.75,77746,Petrol,Dealer,Automatic,First Owner,15.8,1453.0,105.4,4.0
Suzuki Swift,Swift,Hatchback,2016,2.76,59811,Petrol,Dealer,Automatic,First Owner,24.0,1002.0,64.5,5.0
Suzuki Swift,Swift,Hatchback,2016,2.1,94917,CNG,Individual,Manual,First Owner,31.2,1011.0,67.6,5.0
Suzuki Alto K10,Alto K10,Hatchback,2023,4.5,500,Petrol,Individual,Manual,First Owner,22.1 kmpl,1009.0,65.7,5.0
Suzuki Fronx,Fronx,Compact SUV,2022,6.12,17804,Petrol,Individual,Manual,First Owner,21.6,1484.0,99.2,5.0
Suzuki Celerio,Celerio,Hatchback,2019,2.96,33947,CNG,Individual,Manual,Second Owner,27.4,1010.0,71.3,5.0
Suzuki XL6,XL6,MUV,2013,2.75,106118,Petrol,Individual,Automatic,First Owner,19.2,1462.0,101.0,7.0
Suzuki WagonR,WagonR,Hatchback,2020,3.02,78305,CNG,Dealer,Automatic,Second Owner,30.3,998.0,63.8,5.0
Suzuki Swift,Swift,Hatchback,2022,4.89,21176,Petrol,Individual,Manual,First Owner,22.0 kmpl,991.0,62.8,5.0
Suzuki WagonR,WagonR,Hatchback,2018,2.59,46760,CNG,Dealer,Manual,Second Owner,32.6,998.0,68.7,5.0
Suzuki Swift,Swift,Hatchback,2020,3.73,14058,Petrol,Individual,Manual,Second Owner,22.0,996.0,65.9,5.0
Suzuki WagonR,WagonR,Hatchback,2017,2.66,70281,PETROL,Dealer,Manual,First Owner,19.5 kmpl,1001.0,65.5,5.0
Suzuki S-Presso,S-Presso,Hatchback,2016,1.63,94954,CNG,Individual,Manual,First Owner,28.8,998.0,67.9,5.0
Suzuki Dzire,Dzire,Sedan,2015,2.06,88185,Petrol,Dealer,Manual,First Owner,21.6,1184.0,79.8,5.0
Suzuki Vitara Brezza,Vitara Brezza,Compact SUV,2012,1.82,99086,Petrol,Individual,Automatic,Second Owner,20.5,1446.0,99.0,5.0
Suzuki Celerio,Celerio,Hatchback,2017,2.14,89609,Petrol,Individual,Manual,First Owner,21.6,981.0,66.1,5.0
Suzuki WagonR,WagonR,Hatchback,2020,3.42,43875,Petrol,Trustmark Dealer,Manual,First Owner,20.5,968.0,69.4,5.0
Suzuki Swift,Swift,Hatchback,2020,3.01,84241,Petrol,Individual,Manual,Second Owner,18.9,1006.0,74.7,5.0
Suzuki Vitara Brezza,Vitara Brezza,Compact SUV,2018,3.86,59884,Petrol,Dealer,Manual,First Owner,21.7 kmpl,1461.0,97.4,5.0
Suzuki S-Presso,S-Presso,Hatchback,2017,1.59,53442,Petrol,Dealer,Manual,Fourth & Above Owner,22.4,991.0,64.5,5.0
Suzuki Ertiga,Ertiga,MUV,2019,4.8,49594,Petrol,Individual,Automatic,First Owner,19.1,1455.0,107.4,7.0
Suzuki Ciaz,Ciaz,Sedan,2019,4.54,75131,Petrol,Individual,Automatic,First Owner,22.5,1207.0,80.7,5.0
Suzuki Swift,Swift,Hatchback,2023,6.23,5576,Petrol,Individual,Manual,First Owner,21.2,999.0,69.8,5.0
Suzuki Alto K10,Alto K10,Hatchback,2021,2.94,41020,Petrol,Individual,Automatic,First Owner,20.9,992.0,72.9,5.0
Suzuki Swift,Swift,Hatchback,2023,6.05,500,Petrol,Individual, Automatic ,First Owner,21.5,991.0,65.8,5.0
Suzuki WagonR,WagonR,Hatchback,2014,1.51,124395,Petrol,Dealer,Manual,First Owner,21.1,1006.0,64.7,5.0
Suzuki Dzire,Dzire,Sedan,2023,5.45,3321,Petrol,Dealer,Manual,First Owner,20.4,1206.0,78.0,5.0
Suzuki Ciaz,Ciaz,Sedan,2014,2.26,153648,Petrol,Individual,Manual,First Owner,20.2,1206.0,75.0,5.0
Suzuki Celerio,Celerio,Hatchback,2010,1.2,151224,Petrol,Individual,Manual,First Owner,21.2,989.0,66.9,5.0
Suzuki Grand Vitara,Grand Vitara,SUV,2011,1.82,228577,Petrol,Individual,Manual,First Owner,18.6,1470.0,98.4,5.0
Suzuki Dzire,Dzire,Sedan,2008,1.2,182060,Petrol,Individual,Manual,First Owner,19.8,1203.0,80.3,5.0
Suzuki Fronx,Fronx,Compact SUV,2023,6.48,20105,Petrol,Individual,Manual,First Owner,21.4,1483.0,102.4,5.0
Suzuki Swift,Swift,Hatchback,2013,1.31,113905,Petrol,Trustmark Dealer,Manual,First Owner,22.6,977.0,71.9,5.0
Suzuki Ertiga,Ertiga,MUV,2019,4.59,53058,Petrol,Individual,Automatic,First Owner,19.0,1461.0,97.9,6.0
Suzuki Swift,Swift,Hatchback,2020,4.17,35318,CNG,Trustmark Dealer,Manual,First Owner,29.9,995.0,65.9,5.0
Suzuki Vitara Brezza,Vitara Brezza,Compact SUV,2022,6.74,23116,Petrol,Dealer,Automatic,First Owner,21.2,1478.0,99.4,5.0
Suzuki Fronx,Fronx,Compact SUV,2015,2.3,103289,Petrol,Dealer,Automatic,First Owner,23.3,1463.0,108.4,5.0
Suzuki Alto K10,Alto K10,Hatchback,2023,3.21,18511,Petrol,Individual,Manual,Second Owner,22.1,1015.0,67.9,5.0
Suzuki Alto K10,Alto K10,Hatchback,2014,1.21,113338,Petrol,Dealer,Automatic,First Owner,20.6,986.0,72.9,5.0
Suzuki Dzire,Dzire,Sedan,2018,2.89,90606,Petrol,Trustmark Dealer,Manual,First Owner,19.4,1196.0,83.5,5.0
Suzuki WagonR,WagonR,Hatchback,2014,1.29,124241,CNG,Individual,Automatic,Second Owner,30.5,995.0,62.6,5.0
Suzuki Vitara Brezza,Vitara Brezza,Compact SUV,2018,3.18,69808,Petrol,Individual,Manual,Second Owner,18.7,1471.0,100.6,5.0
Suzuki WagonR,WagonR,Hatchback,2014,1.2,139699,Petrol,Individual,Manual,Third Owner,19.8,989.0,64.8,5.0
Suzuki Alto K10,Alto K10,Hatchback,2017,1.54,85597,CNG,Individual,Manual,Second Owner,30.4,992.0,68.0,5.0
Suzuki WagonR,WagonR,Hatchback,2016,1.9,99225,CNG,Individual,Manual,Second Owner,32.6,1016.0,68.4,5.0
Suzuki S-Presso,S-Presso,Hatchback,2017,2.15,53494,Petrol,Individual,Automatic,Second Owner,22.5,1013.0,62.9,5.0
Suzuki Swift,Swift,Hatchback,2016,2.47,97129,PETROL,Individual,Manual,First Owner,21.6,998.0,64.8,5.0
Suzuki Baleno,Baleno,Premium Hatchback,2021,3.82,67339,CNG,Individual,Automatic,Third Owner,33.5,1203.0,83.4,5.0
Suzuki Baleno,Baleno,Premium Hatchback,2016,2.37,81352,Petrol,Trustmark Dealer,Manual,First Owner,21.1,1154.0,85.1,5.0
Suzuki Fronx,Fronx,Compact SUV,2014,2.06,119048,Petrol,Individual,Automatic,First Owner,19.4,1457.0,105.5,5.0
Suzuki Ciaz,Ciaz,Sedan,2018,4.31,76250,Petrol,Individual,Automatic,First Owner,21.9,1205.0,83.5,5.0
Suzuki Grand Vitara,Grand Vitara,SUV,2020,5.45,53151,Petrol,Dealer,Manual,Second Owner,17.1 kmpl,1462.0,99.4,5.0
Suzuki WagonR,WagonR,Hatchback,2023,4.56,4836,Petrol,Trustmark Dealer,Manual,Second Owner,21.2,975.0,68.8,5.0
Suzuki Swift,Swift,Hatchback,2021,4.86,37150,Petrol,Dealer,Automatic,First Owner,,1005.0,65.1,
Suzuki Ertiga,Ertiga,MUV,2017,3.71,82381,Petrol,Dealer,Automatic,First Owner,20.2 kmpl,1445.0,103.9,6.0
Suzuki WagonR,WagonR,Hatchback,2020,3.29,55632,Petrol,Trustmark Dealer,Manual,Second Owner,21.2 kmpl,1009.0,66.9,5.0
Suzuki WagonR,WagonR,Hatchback,2017,2.14,77338,Petrol,Dealer,Automatic,Second Owner,22.4,998.0,66.1,5.0
Suzuki Baleno,Baleno,Premium Hatchback,2023,7.25,14365,CNG,Individual,Automatic,First Owner,31.2 kmpl,1200.0,77.7,5.0
Suzuki Vitara Brezza,Vitara Brezza,Compact SUV,2016,2.45,123247,CNG,Individual,Manual,Third Owner,28.6,1453.0,104.9,5.0
Suzuki Fronx,Fronx,Compact SUV,2019,3.86,78228,CNG,Individual,Automatic,Second Owner,28.7,1452.0,97.5,5.0
Suzuki Swift,Swift,Hatchback,2017,2.99,49859,Petrol,Individual,Manual,First Owner,21.2,998.0,68.4,5.0
Suzuki Swift,Swift,Hatchback,2020,3.49,47620,Petrol,Individual,Manual,Second Owner,22.3,1003.0,63.0,5.0
Suzuki Swift,Swift,Hatchback,2022,5.53,10634,Petrol,Dealer,Manual,Second Owner,21.8,1033.0,61.8,5.0
Suzuki Fronx,Fronx,Compact SUV,2013,1.62,121312,Petrol,Individual,Manual,Second Owner,21.8,1456.0,102.9,5.0
Suzuki Ignis,Ignis,Hatchback,2016,1.67,86095,Petrol,Individual,Manual,Second Owner,19.8,991.0,66.7,5.0
Suzuki WagonR,WagonR,Hatchback,2011,1.2,128545,CNG,Trustmark Dealer,Manual,First Owner,30.6 kmpl,991.0,68.4,5.0
Suzuki Vitara Brezza,Vitara Brezza,Compact SUV,2023,9.12,4766,Petrol,Dealer,Automatic,First Owner,18.5,1468.0,102.5,5.0
Suzuki XL6,XL6,MUV,2020,7.12,51200,Petrol,Individual,Automatic,First Owner,19.7,1434.0,103.2,6.0
Suzuki Swift,Swift,Hatchback,2018,2.11,67771,Petrol,Individual,Manual,Third Owner,19.8,985.0,66.4,5.0
Suzuki Baleno,Baleno,Premium Hatchback,2012,1.31,150611,CNG,Individual,Manual,First Owner,31.2,1191.0,83.6,5.0
Suzuki Swift,Swift,Hatchback,2019,3.74,42130,Petrol,Individual,Automatic,First Owner,20.7,1000.0,65.0,5.0
Suzuki Ertiga,Ertiga,MUV,2011,1.38,164000,Diesel,Individual,Manual,First Owner,24.4,1453.0,103.7,7.0
Suzuki Alto K10,Alto K10,Hatchback,2019,1.92,88919,CNG,Dealer,Manual,First Owner,30.0,1008.0,68.2,5.0
Suzuki Celerio,Celerio,Hatchback,2019,2.92,40737,Petrol,Dealer,Manual,First Owner,18.9,975.0,73.2,5.0
Suzuki S-Presso,S-Presso,Hatchback,2016,2.09,55378,CNG,Individual,Manual,First Owner,29.9,1003.0,64.8,5.0
Suzuki Ertiga,Ertiga,MUV,2019,4.45,49879,Petrol,Dealer,Manual,First Owner,20.7 kmpl,1456.0,99.0,7.0
Suzuki XL6,XL6,MUV,2022,8.61,2720,Petrol,Dealer,Automatic,First Owner,19.8,1455.0,104.5,7.0
Suzuki Alto K10,Alto K10,Hatchback,2022,3.58,500,CNG,Dealer,Manual,First Owner,31.9,981.0,68.2,5.0
Suzuki Fronx,Fronx,Compact SUV,2015,3.02,62140,Petrol,Individual,Manual,First Owner,,,,
Suzuki Celerio,Celerio,Hatchback,2016,1.85,83878,Petrol,Individual,Manual,First Owner,22.7,1006.0,67.0,5.0
Suzuki Dzire,Dzire,Sedan,2017,2.57,74601,CNG,Individual,Manual,Second Owner,29.5,1190.0,77.1,5.0
Suzuki Celerio,Celerio,Hatchback,2018,1.64,87505,CNG,Individual,Manual,Fourth & Above Owner,31.2,1035.0,71.4,5.0
Suzuki Swift,Swift,Hatchback,2012,1.2,181420,Petrol,Trustmark Dealer,Manual,First Owner,20.5,987.0,64.0,5.0
Suzuki Baleno,Baleno,Premium Hatchback,2019,4.11,55359,Petrol,Individual,Manual,First Owner,20.9 kmpl,1213.0,78.7,5.0
Suzuki Dzire,Dzire,Sedan,2012,1.28,153636,CNG,Individual,Automatic,First Owner,28.9,1180.0,76.9,5.0
Suzuki Vitara Brezza,Vitara Brezza,Compact SUV,2023,6.44,16115,PETROL,Trustmark Dealer,Automatic,Third Owner,20.3,1456.0,106.5,5.0
Suzuki WagonR,WagonR,Hatchback,2017,1.81,71057,PETROL,Individual,Manual,Fourth & Above Owner,21.6,1006.0,67.3,5.0
Suzuki Vitara Brezza,Vitara Brezza,Compact SUV,2013,2.17,85610,PETROL,Individual,Manual,Second Owner,20.8,1443.0,102.0,5.0
Suzuki Ignis,Ignis,Hatchback,2021,3.76,26525,PETROL,Dealer,Automatic,First Owner,19.2,982.0,64.6,5.0
Suzuki Dzire,Dzire,Sedan,2011,1.2,219330,CNG,Individual,Manual,First Owner,28.9,1192.0,80.3,5.0
Suzuki WagonR,WagonR,Hatchback,2011,1.2,112785,Petrol,Individual,Manual,First Owner,22.6,988.0,70.9,5.0
Suzuki Celerio,Celerio,Hatchback,2019,3.03,58075,Petrol,Individual,Manual,First Owner,21.7,987.0,64.6,5.0
Suzuki Swift,Swift,Hatchback,2014,1.69,97989,Petrol,Individual,Manual,First Owner,22.7 kmpl,1005.0,71.3,5.0
Suzuki Dzire,Dzire,Sedan,2018,2.42,85639,Petrol,Dealer,Manual,Second Owner,20.6 kmpl,1198.0,80.7,5.0
Suzuki Jimny,Jimny,SUV,2018,4.15,114898,Petrol,Dealer,Automatic,First Owner,16.4,1480.0,104.8,5.0
Suzuki Ertiga,Ertiga,MUV,2016,2.38,107345,PETROL,Individual,Manual,Third Owner,20.5,1472.0,102.5,6.0
Suzuki Grand Vitara,Grand Vitara,SUV,2017,5.05,999999,Petrol,Individual,Automatic,First Owner,14.4,1438.0,97.5,5.0
Suzuki Baleno,Baleno,Premium Hatchback,2016,2.27,51445,Petrol,Individual,Manual,Fourth & Above Owner,22.4,1200.0,86.7,5.0
Suzuki Alto K10,Alto K10,Hatchback,2020,2.31,27179,CNG,Individual,Manual,Third Owner,28.8 kmpl,980.0,60.9,5.0
Suzuki Swift,Swift,Hatchback,2012,1.2,137728,Petrol,Trustmark Dealer,Manual,Second Owner,24.6,1005.0,66.6,5.0
Suzuki Alto K10,Alto K10,Hatchback,2011,1.2,148095,Petrol,Individual,Automatic,First Owner,22.1,991.0,59.3,5.0
Suzuki Alto K10,Alto K10,Hatchback,2018,1.72,105600,Petrol,Individual,Automatic,First Owner,21.9,973.0,71.4,5.0
Suzuki Swift,Swift,Hatchback,2023,5.22,11441,Petrol,Dealer,Automatic,First Owner,19.6,1006.0,70.1,5.0
Suzuki Jimny,Jimny,SUV,2011,1.9,180553,Petrol,Trustmark Dealer,Automatic,Second Owner,16.5,1447.0,97.4,4.0
Suzuki Ertiga,Ertiga,MUV,2014,2.5,102468,Petrol,Individual,Automatic,First Owner,19.5,1446.0,101.8,6.0
Suzuki Ertiga,Ertiga,MUV,2015,2.88,93142,Petrol,Individual,Automatic,First Owner,18.4,1459.0,102.1,7.0
Suzuki Baleno,Baleno,Premium Hatchback,2018,2.58,86763,Petrol,Individual,Manual,Second Owner,20.4,1182.0,80.4,5.0
